# File generated by ImageToStl.com - Free Image and 3D model conversion tools

mtllib LandMesh.mtl

o obj1
v -95 -95 0
v -100 -100 0
v -100 -95 0
v -95 -100 0
v -90 -95 0
v -90 -100 0
v -85 -95 0
v -85 -100 0
v -80 -95 0
v -80 -100 0
v -75 -95 0
v -75 -100 0
v -70 -95 0
v -70 -100 0
v -65 -95 0
v -65 -100 0
v -60 -95 0
v -60 -100 0
v -55 -95 0
v -55 -100 0
v -50 -95 0
v -50 -100 0
v -45 -95 0
v -45 -100 0
v -40 -95 0
v -40 -100 0
v -35 -95 0
v -35 -100 0
v -30 -95 0
v -30 -100 0
v -25 -95 0
v -25 -100 0
v -20 -95 0
v -20 -100 0
v -15 -95 0
v -15 -100 0
v -10 -95 0
v -10 -100 0
v -5 -95 0
v -5 -100 0
v 0 -95 0
v 0 -100 0
v 5 -95 0
v 5 -100 0
v 10 -95 0
v 10 -100 0
v 15 -95 0
v 15 -100 0
v 20 -95 0
v 20 -100 0
v 25 -95 0
v 25 -100 0
v 30 -95 0
v 30 -100 0
v 35 -95 0
v 35 -100 0
v 40 -95 0
v 40 -100 0
v 45 -95 0
v 45 -100 0
v 50 -95 0
v 50 -100 0
v 55 -95 0
v 55 -100 0
v 60 -95 0
v 60 -100 0
v 65 -95 0
v 65 -100 0
v 70 -95 0
v 70 -100 0
v 75 -95 0
v 75 -100 0
v 80 -95 0
v 80 -100 0
v 85 -95 0
v 85 -100 0
v 90 -95 0
v 90 -100 0
v 95 -95 0
v 95 -100 0
v 100 -95 0
v 100 -100 0
v -95 -90 0
v -100 -90 0
v -90 -90 0
v -85 -90 0
v -80 -90 0
v -75 -90 0
v -70 -90 0
v -65 -90 0
v -60 -90 0
v -55 -90 0
v -50 -90 0
v -45 -90 0
v -40 -90 0
v -35 -90 0
v -30 -90 0.00103961
v -25 -90 0.02274524
v -20 -90 0.06162616
v -15 -90 0.10516457
v -10 -90 0.14345413
v -5 -90 0.16932382
v -0 -90 0.17843145
v 5 -90 0.16932382
v 10 -90 0.14345413
v 15 -90 0.10516457
v 20 -90 0.06162616
v 25 -90 0.02274524
v 30 -90 0.00103961
v 35 -90 0
v 40 -90 0
v 45 -90 0
v 50 -90 0
v 55 -90 0
v 60 -90 0
v 65 -90 0
v 70 -90 0
v 75 -90 0
v 80 -90 0
v 85 -90 0
v 90 -90 0
v 95 -90 0
v 100 -90 0
v -95 -85 0
v -100 -85 0
v -90 -85 0
v -85 -85 0
v -80 -85 0
v -75 -85 0
v -70 -85 0
v -65 -85 0
v -60 -85 0
v -55 -85 0
v -50 -85 0
v -45 -85 0
v -40 -85 0.01669658
v -35 -85 0.08507211
v -30 -85 0.187782
v -25 -85 0.30676714
v -20 -85 0.42632979
v -15 -85 0.53332382
v -10 -85 0.61732799
v -5 -85 0.67078465
v -0 -85 0.68911457
v 5 -85 0.67078465
v 10 -85 0.61732799
v 15 -85 0.53332382
v 20 -85 0.42632979
v 25 -85 0.30676714
v 30 -85 0.187782
v 35 -85 0.08507211
v 40 -85 0.01669658
v 45 -85 0
v 50 -85 0
v 55 -85 0
v 60 -85 0
v 65 -85 0
v 70 -85 0
v 75 -85 0
v 80 -85 0
v 85 -85 0
v 90 -85 0
v 95 -85 0
v 100 -85 0
v -95 -80 0
v -100 -80 0
v -90 -80 0
v -85 -80 0
v -80 -80 0
v -75 -80 0
v -70 -80 0
v -65 -80 0
v -60 -80 0
v -55 -80 0
v -50 -80 0.01402378
v -45 -80 0.10516457
v -40 -80 0.26006576
v -35 -80 0.45564249
v -30 -80 0.67078465
v -25 -80 0.88658369
v -20 -80 1.08656192
v -15 -80 1.25688052
v -10 -80 1.38654888
v -5 -80 1.46757996
v -0 -80 1.49513257
v 5 -80 1.46757996
v 10 -80 1.38654888
v 15 -80 1.25688052
v 20 -80 1.08656192
v 25 -80 0.88658369
v 30 -80 0.67078465
v 35 -80 0.45564249
v 40 -80 0.26006576
v 45 -80 0.10516457
v 50 -80 0.01402378
v 55 -80 0
v 60 -80 0
v 65 -80 0
v 70 -80 0
v 75 -80 0
v 80 -80 0
v 85 -80 0
v 90 -80 0
v 95 -80 0
v 100 -80 0
v -95 -75 0
v -100 -75 0
v -90 -75 0
v -85 -75 0
v -80 -75 0
v -75 -75 0
v -70 -75 0
v -65 -75 0
v -60 -75 0
v -55 -75 0.06162616
v -50 -75 0.22762035
v -45 -75 0.47067565
v -40 -75 0.76500356
v -35 -75 1.08656192
v -30 -75 1.41328835
v -25 -75 1.72536111
v -20 -75 2.00543976
v -15 -75 2.23892975
v -10 -75 2.41420317
v -5 -75 2.52279568
v 0 -75 2.55956841
v 5 -75 2.52279568
v 10 -75 2.41420317
v 15 -75 2.23892975
v 20 -75 2.00543976
v 25 -75 1.72536111
v 30 -75 1.41328835
v 35 -75 1.08656192
v 40 -75 0.76500356
v 45 -75 0.47067565
v 50 -75 0.22762035
v 55 -75 0.06162616
v 60 -75 0
v 65 -75 0
v 70 -75 0
v 75 -75 0
v 80 -75 0
v 85 -75 0
v 90 -75 0
v 95 -75 0
v 100 -75 0
v -95 -70 0
v -100 -70 0
v -90 -70 0
v -85 -70 0
v -80 -70 0
v -75 -70 0
v -70 -70 0
v -65 -70 0.00416355
v -60 -70 0.11234103
v -55 -70 0.34438494
v -50 -70 0.67078465
v -45 -70 1.06329036
v -40 -70 1.49513257
v -35 -70 1.94125473
v -30 -70 2.37857723
v -25 -70 2.7862823
v -20 -70 3.14609194
v -15 -70 3.44256902
v -10 -70 3.66337585
v -5 -70 3.79951334
v 0 -70 3.84550548
v 5 -70 3.79951334
v 10 -70 3.66337585
v 15 -70 3.44256902
v 20 -70 3.14609194
v 25 -70 2.7862823
v 30 -70 2.37857723
v 35 -70 1.94125473
v 40 -70 1.49513257
v 45 -70 1.06329036
v 50 -70 0.67078465
v 55 -70 0.34438494
v 60 -70 0.11234103
v 65 -70 0.00416355
v 70 -70 0
v 75 -70 0
v 80 -70 0
v 85 -70 0
v 90 -70 0
v 95 -70 0
v 100 -70 0
v -95 -65 0
v -100 -65 0
v -90 -65 0
v -85 -65 0
v -80 -65 0
v -75 -65 0
v -70 -65 0.00740817
v -65 -65 0.14345413
v -60 -65 0.42632982
v -55 -65 0.82462746
v -50 -65 1.30794263
v -45 -65 1.84706628
v -40 -65 2.41420341
v -35 -65 2.98322916
v -30 -65 3.52998209
v -25 -65 4.03255796
v -20 -65 4.47165537
v -15 -65 4.83089876
v -10 -65 5.09715414
v -5 -65 5.2608161
v -0 -65 5.31602716
v 5 -65 5.2608161
v 10 -65 5.09715414
v 15 -65 4.83089876
v 20 -65 4.47165537
v 25 -65 4.03255796
v 30 -65 3.52998209
v 35 -65 2.98322916
v 40 -65 2.41420341
v 45 -65 1.84706628
v 50 -65 1.30794263
v 55 -65 0.82462746
v 60 -65 0.42632982
v 65 -65 0.14345413
v 70 -65 0.00740817
v 75 -65 0
v 80 -65 0
v 85 -65 0
v 90 -65 0
v 95 -65 0
v 100 -65 0
v -95 -60 0
v -100 -60 0
v -90 -60 0
v -85 -60 0
v -80 -60 0
v -75 -60 0.00416355
v -70 -60 0.14345413
v -65 -60 0.45564249
v -60 -60 0.90775633
v -55 -60 1.46757996
v -50 -60 2.10381818
v -45 -60 2.7862823
v -40 -60 3.48612428
v -35 -60 4.1761055
v -30 -60 4.83089876
v -25 -60 5.42743635
v -20 -60 5.94528627
v -15 -60 6.36702585
v -10 -60 6.67862606
v -5 -60 6.86978769
v 0 -60 6.93421507
v 5 -60 6.86978769
v 10 -60 6.67862606
v 15 -60 6.36702585
v 20 -60 5.94528627
v 25 -60 5.42743635
v 30 -60 4.83089876
v 35 -60 4.1761055
v 40 -60 3.48612428
v 45 -60 2.7862823
v 50 -60 2.10381818
v 55 -60 1.46757996
v 60 -60 0.90775633
v 65 -60 0.45564249
v 70 -60 0.14345413
v 75 -60 0.00416355
v 80 -60 0
v 85 -60 0
v 90 -60 0
v 95 -60 0
v 100 -60 0
v -95 -55 0
v -100 -55 0
v -90 -55 0
v -85 -55 0
v -80 -55 0
v -75 -55 0.11234103
v -70 -55 0.42632979
v -65 -55 0.90775633
v -60 -55 1.52295589
v -55 -55 2.23892975
v -50 -55 3.02350235
v -45 -55 3.84550548
v -40 -55 4.67501974
v -35 -55 5.48363972
v -30 -55 6.24481487
v -25 -55 6.93421507
v -20 -55 7.53016281
v -15 -55 8.0140667
v -10 -55 8.37088203
v -5 -55 8.58951283
v -0 -55 8.6631546
v 5 -55 8.58951283
v 10 -55 8.37088203
v 15 -55 8.0140667
v 20 -55 7.53016281
v 25 -55 6.93421507
v 30 -55 6.24481487
v 35 -55 5.48363972
v 40 -55 4.67501974
v 45 -55 3.84550548
v 50 -55 3.02350235
v 55 -55 2.23892975
v 60 -55 1.52295589
v 65 -55 0.90775633
v 70 -55 0.42632979
v 75 -55 0.11234103
v 80 -55 0
v 85 -55 0
v 90 -55 0
v 95 -55 0
v 100 -55 0
v -95 -50 0
v -100 -50 0
v -90 -50 0
v -85 -50 0
v -80 -50 0.06162616
v -75 -50 0.34438494
v -70 -50 0.8246274
v -65 -50 1.46757996
v -60 -50 2.23892975
v -55 -50 3.10493207
v -50 -50 4.03255749
v -45 -50 4.98967743
v -40 -50 5.94528627
v -35 -50 6.86978769
v -30 -50 7.73533726
v -25 -50 8.51625443
v -20 -50 9.18949032
v -15 -50 9.73514748
v -10 -50 10.13701344
v -5 -50 10.38307381
v 0 -50 10.46592712
v 5 -50 10.38307381
v 10 -50 10.13701344
v 15 -50 9.73514748
v 20 -50 9.18949032
v 25 -50 8.51625443
v 30 -50 7.73533726
v 35 -50 6.86978769
v 40 -50 5.94528627
v 45 -50 4.98967743
v 50 -50 4.03255749
v 55 -50 3.10493207
v 60 -50 2.23892975
v 65 -50 1.46757996
v 70 -50 0.8246274
v 75 -50 0.34438494
v 80 -50 0.06162616
v 85 -50 0
v 90 -50 0
v 95 -50 0
v 100 -50 0
v -95 -45 0
v -100 -45 0
v -90 -45 0
v -85 -45 0.01402378
v -80 -45 0.22762035
v -75 -45 0.67078465
v -70 -45 1.30794263
v -65 -45 2.10381818
v -60 -45 3.02350235
v -55 -45 4.03255749
v -50 -45 5.09715366
v -45 -45 6.18422461
v -40 -45 7.26169729
v -35 -45 8.29876518
v -30 -45 9.26624489
v -25 -45 10.13701344
v -20 -45 10.88652325
v -15 -45 11.49340534
v -10 -45 11.94011593
v -5 -45 12.21355534
v 0 -45 12.30561733
v 5 -45 12.21355534
v 10 -45 11.94011593
v 15 -45 11.49340534
v 20 -45 10.88652325
v 25 -45 10.13701344
v 30 -45 9.26624489
v 35 -45 8.29876518
v 40 -45 7.26169729
v 45 -45 6.18422461
v 50 -45 5.09715366
v 55 -45 4.03255749
v 60 -45 3.02350235
v 65 -45 2.10381818
v 70 -45 1.30794263
v 75 -45 0.67078465
v 80 -45 0.22762035
v 85 -45 0.01402378
v 90 -45 0
v 95 -45 0
v 100 -45 0
v -95 -40 0
v -100 -40 0
v -90 -40 0
v -85 -40 0.10516457
v -80 -40 0.47067565
v -75 -40 1.06329036
v -70 -40 1.84706616
v -65 -40 2.7862823
v -60 -40 3.84550548
v -55 -40 4.98967743
v -50 -40 6.18422461
v -45 -40 7.39520454
v -40 -40 8.58951283
v -35 -40 9.73514748
v -30 -40 10.80155277
v -25 -40 11.76008987
v -20 -39.99999619 12.58458042
v -15 -40 13.25201035
v -10 -40 13.7432909
v -5 -40 14.04404259
v -0 -40 14.14530754
v 5 -40 14.04404259
v 10 -40 13.7432909
v 15 -40 13.25201035
v 20 -40 12.58458042
v 25 -40 11.76008987
v 30 -40 10.80155277
v 35 -40 9.73514748
v 40 -40 8.58951283
v 45 -40 7.39520454
v 50 -40 6.18422461
v 55 -40 4.98967743
v 60 -40 3.84550548
v 65 -40 2.7862823
v 70 -40 1.84706616
v 75 -40 1.06329036
v 80 -40 0.47067565
v 85 -40 0.10516457
v 90 -40 0
v 95 -40 0
v 100 -40 0
v -95 -35 0
v -100 -35 0
v -90 -35 0.01669658
v -85 -35 0.26006576
v -80 -35 0.76500356
v -75 -35 1.49513257
v -70 -35 2.41420317
v -65 -35 3.48612428
v -60 -35 4.67501974
v -55 -35 5.94528627
v -50 -35 7.26169729
v -45 -35 8.58951283
v -40 -35 9.89466763
v -35 -35 11.14400673
v -30 -35 12.30561733
v -25 -34.99999619 13.34928322
v -20 -34.99999619 14.24708557
v -15 -35 14.97416592
v -10 -35 15.50964546
v -5 -35 15.83761787
v 0 -35 15.94808006
v 5 -35 15.83761787
v 10 -35 15.50964546
v 15 -35 14.97416592
v 20 -35 14.24708557
v 25 -35 13.34928322
v 30 -35 12.30561733
v 35 -35 11.14400673
v 40 -35 9.89466763
v 45 -35 8.58951283
v 50 -35 7.26169729
v 55 -35 5.94528627
v 60 -35 4.67501974
v 65 -35 3.48612428
v 70 -35 2.41420317
v 75 -35 1.49513257
v 80 -35 0.76500356
v 85 -35 0.26006576
v 90 -35 0.01669658
v 95 -35 0
v 100 -35 0
v -95 -30 0
v -100 -30 0
v -90 -30 0.08507211
v -85 -30 0.45564249
v -80 -30 1.08656192
v -75 -30 1.94125473
v -70 -30 2.98322892
v -65 -30 4.1761055
v -60 -30 5.48363972
v -55 -30 6.86978769
v -50 -30 8.29876518
v -45 -30 9.73514748
v -40 -30 11.14400673
v -35 -29.99999809 12.49112701
v -30 -29.99999809 13.7432909
v -25 -29.99999809 14.86870575
v -20 -29.99999809 15.83761787
v -15 -29.99999809 16.62313461
v -10 -29.99999809 17.20230484
v -5 -29.99999809 17.55736732
v -0 -29.99999809 17.67701912
v 5 -30 17.55736732
v 10 -30 17.20230484
v 15 -30 16.62313461
v 20 -30 15.83761787
v 25 -30 14.86870575
v 30 -30 13.7432909
v 35 -30 12.49112701
v 40 -30 11.14400673
v 45 -29.99999809 9.73514748
v 50 -30 8.29876518
v 55 -30 6.86978769
v 60 -30 5.48363972
v 65 -30 4.1761055
v 70 -30 2.98322892
v 75 -30 1.94125473
v 80 -30 1.08656192
v 85 -30 0.45564249
v 90 -30 0.08507211
v 95 -30 0
v 100 -30 0
v -95 -25 0.00103961
v -100 -25 0
v -90 -25 0.187782
v -85 -25 0.67078465
v -80 -25 1.41328835
v -75 -25 2.37857723
v -70 -25 3.52998185
v -65 -25 4.83089876
v -60 -25 6.24481487
v -55 -25 7.73533726
v -50 -25 9.26624489
v -45 -25 10.80155277
v -40 -25 12.30561733
v -35 -25 13.7432909
v -30 -25 15.08016682
v -25 -25 16.28294754
v -20 -24.99999809 17.32001686
v -15 -24.99999809 18.16228676
v -10 -24.99999809 18.7844162
v -5 -24.99999809 19.16638184
v -0 -24.99999809 19.29520798
v 5 -25 19.16638184
v 10 -25 18.7844162
v 15 -25 18.16228676
v 20 -25 17.32001686
v 25 -24.99999809 16.28294754
v 30 -24.99999809 15.08016682
v 35 -24.99999809 13.7432909
v 40 -25 12.30561733
v 45 -25 10.80155277
v 50 -25 9.26624489
v 55 -25 7.73533726
v 60 -25 6.24481487
v 65 -25 4.83089876
v 70 -25 3.52998185
v 75 -25 2.37857723
v 80 -25 1.41328835
v 85 -25 0.67078465
v 90 -25 0.187782
v 95 -25 0.00103961
v 100 -25 0
v -95 -20 0.02274525
v -100 -20 0
v -90 -20 0.30676717
v -85 -20 0.88658375
v -80 -20 1.72536123
v -75 -20 2.78628254
v -70 -20 4.03255796
v -65 -20 5.42743683
v -60 -20 6.93421555
v -55 -20 8.51625538
v -50 -20 10.13701439
v -45 -20 11.76009083
v -40 -20 13.34928417
v -35 -20 14.8687067
v -30 -20 16.28294945
v -25 -20 17.55736923
v -20 -19.99999809 18.65856743
v -15 -19.99999809 19.5551796
v -10 -19.99999809 20.21917534
v -5 -19.99999809 20.6277523
v 0 -19.99999809 20.76573181
v 5 -20 20.6277523
v 10 -20 20.21917534
v 15 -20 19.5551796
v 20 -20 18.65856743
v 25 -19.99999809 17.55736923
v 30 -19.99999809 16.28294945
v 35 -19.99999809 14.8687067
v 40 -19.99999809 13.34928417
v 45 -20 11.76009083
v 50 -20 10.13701439
v 55 -20 8.51625538
v 60 -20 6.93421555
v 65 -20 5.42743683
v 70 -20 4.03255796
v 75 -20 2.78628254
v 80 -20 1.72536123
v 85 -20 0.88658375
v 90 -20 0.30676717
v 95 -20 0.02274525
v 100 -20 0
v -95 -15 0.06162616
v -100 -15 0
v -90 -15 0.42632979
v -85 -15 1.08656192
v -80 -15 2.00543976
v -75 -15 3.14609194
v -70 -15 4.47165489
v -65 -15 5.94528627
v -60 -14.99999905 7.53016281
v -55 -14.99999905 9.18949032
v -50 -15 10.88652325
v -45 -14.99999905 12.58458042
v -40 -14.99999905 14.24708557
v -35 -14.99999905 15.83761787
v -30 -14.99999905 17.32001686
v -25 -15 18.65856552
v -20 -14.99999809 19.81831551
v -15 -14.99999809 20.7657299
v -10 -14.99999809 21.46987343
v -5 -14.99999905 21.90456963
v 0 -14.99999905 22.05166626
v 5 -14.99999905 21.90456963
v 10 -14.99999905 21.46987343
v 15 -15 20.7657299
v 20 -15 19.81831551
v 25 -14.99999809 18.65856552
v 30 -14.99999905 17.32001686
v 35 -14.99999905 15.83761787
v 40 -14.99999905 14.24708557
v 45 -14.99999905 12.58458042
v 50 -15 10.88652325
v 55 -15 9.18949032
v 60 -15 7.53016281
v 65 -15 5.94528627
v 70 -15 4.47165489
v 75 -15 3.14609194
v 80 -15 2.00543976
v 85 -15 1.08656192
v 90 -15 0.42632979
v 95 -15 0.06162616
v 100 -15 0
v -95 -10 0.10516457
v -100 -10 0
v -90 -10 0.53332382
v -85 -10 1.25688052
v -80 -10 2.23892975
v -75 -10 3.44256902
v -70 -10 4.83089876
v -65 -10 6.36702585
v -60 -10 8.0140667
v -55 -10 9.73514748
v -50 -10 11.49340534
v -45 -9.99999905 13.25201035
v -40 -9.99999905 14.97416592
v -35 -9.99999905 16.62313461
v -30 -9.99999905 18.16228676
v -25 -9.99999905 19.55517769
v -20 -9.99999905 20.7657299
v -15 -9.99999905 21.75859261
v -10 -9.99999809 22.50003624
v -5 -9.99999905 22.95996094
v -0 -9.99999905 23.11610222
v 5 -9.99999905 22.95996094
v 10 -9.99999905 22.50003624
v 15 -9.99999905 21.75859261
v 20 -9.99999905 20.7657299
v 25 -9.99999905 19.55517769
v 30 -9.99999905 18.16228676
v 35 -9.99999905 16.62313461
v 40 -9.99999905 14.97416592
v 45 -9.99999905 13.25201035
v 50 -10 11.49340534
v 55 -9.99999905 9.73514748
v 60 -10 8.0140667
v 65 -10 6.36702585
v 70 -10 4.83089876
v 75 -10 3.44256902
v 80 -10 2.23892975
v 85 -10 1.25688052
v 90 -10 0.53332382
v 95 -10 0.10516457
v 100 -10 0
v -95 -5 0.14345413
v -100 -5 0
v -90 -5 0.61732799
v -85 -5 1.38654888
v -80 -5 2.41420317
v -75 -5 3.66337585
v -70 -4.99999952 5.09715366
v -65 -4.99999952 6.67862606
v -60 -4.99999952 8.37088203
v -55 -5 10.13701344
v -50 -4.99999952 11.94011593
v -45 -4.99999952 13.7432909
v -40 -4.99999952 15.50964546
v -35 -4.99999952 17.20230484
v -30 -4.99999905 18.7844162
v -25 -4.99999905 20.21917343
v -20 -4.99999905 21.46987343
v -15 -4.99999905 22.50003624
v -10 -4.99999857 23.27378273
v -5 -4.99999857 23.75710297
v 0 -4.99999905 23.92212105
v 5 -4.99999905 23.75710297
v 10 -4.99999952 23.27378273
v 15 -4.99999857 22.50003624
v 20 -4.99999905 21.46987343
v 25 -4.99999905 20.21917343
v 30 -4.99999905 18.7844162
v 35 -4.99999905 17.20230484
v 40 -4.99999905 15.50964546
v 45 -4.99999952 13.7432909
v 50 -4.99999952 11.94011593
v 55 -4.99999952 10.13701344
v 60 -4.99999952 8.37088203
v 65 -4.99999952 6.67862606
v 70 -5 5.09715366
v 75 -5 3.66337585
v 80 -5 2.41420317
v 85 -5 1.38654888
v 90 -5 0.61732799
v 95 -5 0.14345413
v 100 -5 0
v -95 1E-08 0.16932382
v -100 0 0
v -90 3E-08 0.67078465
v -85 6E-08 1.46757996
v -80 1.3E-07 2.52279568
v -75 1.6E-07 3.79951334
v -70 2.7E-07 5.26081562
v -65 2.9E-07 6.86978769
v -60 2.9E-07 8.58951283
v -55 4.6E-07 10.38307381
v -50 4.4E-07 12.21355534
v -45 6.5E-07 14.04404259
v -40 5.9E-07 15.83761787
v -35 8.4E-07 17.55736732
v -30 7.4E-07 19.16638184
v -25 1.02E-06 20.6277504
v -20 8.9E-07 21.90456963
v -15 1.17E-06 22.95996094
v -10 1E-06 23.75710297
v -5 1.28E-06 24.25946808
v 0 1.07E-06 24.4328022
v 5 8.4E-07 24.25946808
v 10 1.08E-06 23.75710297
v 15 8.4E-07 22.95996094
v 20 1.03E-06 21.90456963
v 25 7.9E-07 20.6277504
v 30 9.3E-07 19.16638184
v 35 7E-07 17.55736732
v 40 7.9E-07 15.83761787
v 45 5.8E-07 14.04404259
v 50 6.3E-07 12.21355534
v 55 4.5E-07 10.38307381
v 60 4.6E-07 8.58951283
v 65 3.1E-07 6.86978769
v 70 1.9E-07 5.26081562
v 75 1.8E-07 3.79951334
v 80 9E-08 2.52279568
v 85 7E-08 1.46757996
v 90 3E-08 0.67078465
v 95 1E-08 0.16932382
v 100 0 0
v -95 5 0.17843145
v -100 5 0
v -90 5 0.68911457
v -85 5 1.49513257
v -80 5 2.55956841
v -75 5 3.84550548
v -70 5 5.31602669
v -65 5.00000048 6.93421507
v -60 5.00000048 8.6631546
v -55 5.00000048 10.46592712
v -50 5.00000048 12.30561733
v -45 5.00000048 14.14530754
v -40 5.00000048 15.94808006
v -35 5.00000048 17.67701912
v -30 5.00000095 19.29520798
v -25 5.00000095 20.7657299
v -20 5.00000095 22.05166626
v -15 5.00000095 23.11610222
v -10 5.00000095 23.92212105
v -5 5.00000095 24.4328022
v 0 5.00000095 24.61123466
v 5 5.00000095 24.4328022
v 10 5.00000095 23.92212105
v 15 5.00000095 23.11610222
v 20 5.00000095 22.05166626
v 25 5.00000095 20.7657299
v 30 5.00000095 19.29520798
v 35 5.00000048 17.67701912
v 40 5.00000048 15.94808006
v 45 5.00000048 14.14530754
v 50 5.00000048 12.30561733
v 55 5.00000048 10.46592712
v 60 5.00000048 8.6631546
v 65 5.00000048 6.93421507
v 70 5 5.31602669
v 75 5 3.84550548
v 80 5 2.55956841
v 85 5 1.49513257
v 90 5 0.68911457
v 95 5 0.17843145
v 100 5 0
v -95 10 0.16932382
v -100 10 0
v -90 10 0.67078465
v -85 10 1.46757996
v -80 10 2.52279568
v -75 10 3.79951334
v -70 10 5.26081562
v -65 10 6.86978769
v -60 10 8.58951283
v -55 10 10.38307381
v -50 10 12.21355534
v -45 10.00000095 14.04404259
v -40 10.00000095 15.83761787
v -35 10.00000095 17.55736732
v -30 10.00000095 19.16638184
v -25 10.00000095 20.6277504
v -20 10.00000095 21.90456963
v -15 10.00000095 22.95996094
v -10 10.00000095 23.75710297
v -5 10.00000095 24.25946808
v 0 10.00000095 24.4328022
v 5 10.00000095 24.25946808
v 10 10.00000095 23.75710297
v 15 10.00000095 22.95996094
v 20 10.00000095 21.90456963
v 25 10.00000095 20.6277504
v 30 10.00000095 19.16638184
v 35 10.00000095 17.55736732
v 40 10.00000095 15.83761787
v 45 10.00000095 14.04404259
v 50 10 12.21355534
v 55 10 10.38307381
v 60 10 8.58951283
v 65 10 6.86978769
v 70 10 5.26081562
v 75 10 3.79951334
v 80 10 2.52279568
v 85 10 1.46757996
v 90 10 0.67078465
v 95 10 0.16932382
v 100 10 0
v -95 15 0.14345413
v -100 15 0
v -90 15 0.61732799
v -85 15 1.38654888
v -80 15 2.41420317
v -75 15 3.66337585
v -70 15 5.09715366
v -65 15 6.67862606
v -60 15 8.37088203
v -55 15 10.13701344
v -50 15 11.94011593
v -45 15.00000095 13.7432909
v -40 15.00000095 15.50964546
v -35 15.00000095 17.20230484
v -30 15.00000191 18.7844162
v -25 15.00000095 20.21917343
v -20 15.00000095 21.46987343
v -15 15.00000095 22.50003624
v -10 15.00000191 23.27378273
v -5 15.00000095 23.75710297
v 0 15.00000095 23.92212105
v 5 15.00000095 23.75710297
v 10 15.00000095 23.27378273
v 15 15.00000095 22.50003624
v 20 15.00000095 21.46987343
v 25 15.00000095 20.21917343
v 30 15.00000095 18.7844162
v 35 15.00000095 17.20230484
v 40 15.00000095 15.50964546
v 45 15.00000095 13.7432909
v 50 15 11.94011593
v 55 15.00000095 10.13701344
v 60 15 8.37088203
v 65 15 6.67862606
v 70 15 5.09715366
v 75 15 3.66337585
v 80 15 2.41420317
v 85 15 1.38654888
v 90 15 0.61732799
v 95 15 0.14345413
v 100 15 0
v -95 20 0.10516457
v -100 20 0
v -90 20 0.53332382
v -85 20 1.25688052
v -80 20 2.23892975
v -75 20 3.44256902
v -70 20 4.83089876
v -65 20 6.36702585
v -60 20 8.0140667
v -55 20 9.73514748
v -50 20 11.49340534
v -45 20.00000191 13.25201035
v -40 20 14.97416592
v -35 20 16.62313461
v -30 20.00000191 18.16228676
v -25 20.00000191 19.55517769
v -20 20.00000191 20.7657299
v -15 20 21.75859261
v -10 20.00000191 22.50003624
v -5 20.00000191 22.95996094
v 0 20.00000191 23.11610222
v 5 20 22.95996094
v 10 20 22.50003624
v 15 20.00000191 21.75859261
v 20 20.00000191 20.7657299
v 25 20 19.55517769
v 30 20 18.16228676
v 35 20.00000191 16.62313461
v 40 20.00000191 14.97416592
v 45 20.00000191 13.25201035
v 50 20 11.49340534
v 55 20 9.73514748
v 60 20 8.0140667
v 65 20 6.36702585
v 70 20 4.83089876
v 75 20 3.44256902
v 80 20 2.23892975
v 85 20 1.25688052
v 90 20 0.53332382
v 95 20 0.10516457
v 100 20 0
v -95 25 0.06162616
v -100 25 0
v -90 25 0.42632982
v -85 25 1.08656192
v -80 25 2.00544
v -75 25 3.14609218
v -70 25 4.47165537
v -65 25 5.94528675
v -60 25 7.53016329
v -55 25 9.18949127
v -50 25 10.8865242
v -45 25.00000191 12.58458138
v -40 25 14.24708652
v -35 25 15.83761883
v -30 25 17.32001877
v -25 25 18.65856743
v -20 25.00000191 19.81831741
v -15 25.00000191 20.76573181
v -10 25.00000191 21.46987534
v -5 25.00000191 21.90457153
v 0 25.00000191 22.05166817
v 5 25 21.90457153
v 10 25 21.46987534
v 15 25 20.76573181
v 20 25 19.81831741
v 25 25.00000191 18.65856743
v 30 25.00000191 17.32001877
v 35 25.00000191 15.83761883
v 40 25.00000191 14.24708652
v 45 25.00000191 12.58458138
v 50 25 10.8865242
v 55 25 9.18949127
v 60 25 7.53016329
v 65 25 5.94528675
v 70 25 4.47165537
v 75 25 3.14609218
v 80 25 2.00544
v 85 25 1.08656192
v 90 25 0.42632982
v 95 25 0.06162616
v 100 25 0
v -95 30 0.02274524
v -100 30 0
v -90 30 0.30676714
v -85 30 0.88658369
v -80 30 1.72536111
v -75 30 2.7862823
v -70 30 4.03255749
v -65 30 5.42743635
v -60 30 6.93421507
v -55 30 8.51625443
v -50 30 10.13701344
v -45 30 11.76008987
v -40 30 13.34928322
v -35 30 14.86870575
v -30 30 16.28294754
v -25 30 17.55736732
v -20 30.00000191 18.65856552
v -15 30.00000191 19.55517769
v -10 30.00000191 20.21917343
v -5 30.00000191 20.6277504
v -0 30.00000191 20.7657299
v 5 30 20.6277504
v 10 30 20.21917343
v 15 30 19.55517769
v 20 30 18.65856552
v 25 30.00000191 17.55736732
v 30 30.00000191 16.28294754
v 35 30.00000191 14.86870575
v 40 30.00000191 13.34928322
v 45 30 11.76008987
v 50 30 10.13701344
v 55 30 8.51625443
v 60 30 6.93421507
v 65 30 5.42743635
v 70 30 4.03255749
v 75 30 2.7862823
v 80 30 1.72536111
v 85 30 0.88658369
v 90 30 0.30676714
v 95 30 0.02274524
v 100 30 0
v -95 35 0.00103961
v -100 35 0
v -90 35 0.187782
v -85 35 0.67078465
v -80 35 1.41328835
v -75 35 2.37857723
v -70 35 3.52998185
v -65 35 4.83089876
v -60 35 6.24481487
v -55 35 7.73533726
v -50 35 9.26624489
v -45 35 10.80155277
v -40 35 12.30561733
v -35 35 13.7432909
v -30 35 15.08016682
v -25 35 16.28294754
v -20 35.00000381 17.32001686
v -15 35 18.16228676
v -10 35 18.7844162
v -5 35 19.16638184
v 0 35 19.29520798
v 5 35 19.16638184
v 10 35 18.7844162
v 15 35 18.16228676
v 20 35 17.32001686
v 25 35 16.28294754
v 30 35 15.08016682
v 35 35 13.7432909
v 40 35 12.30561733
v 45 35 10.80155277
v 50 35 9.26624489
v 55 35 7.73533726
v 60 35 6.24481487
v 65 35 4.83089876
v 70 35 3.52998185
v 75 35 2.37857723
v 80 35 1.41328835
v 85 35 0.67078465
v 90 35 0.187782
v 95 35 0.00103961
v 100 35 0
v -95 40 0
v -100 40 0
v -90 40 0.08507211
v -85 40 0.45564249
v -80 40 1.08656192
v -75 40 1.94125473
v -70 40 2.98322892
v -65 40 4.1761055
v -60 40 5.48363972
v -55 40 6.86978769
v -50 40 8.29876518
v -45 40 9.73514748
v -40 40 11.14400673
v -35 40.00000381 12.49112701
v -30 40.00000381 13.7432909
v -25 40.00000381 14.86870575
v -20 40.00000381 15.83761787
v -15 40 16.62313461
v -10 40 17.20230484
v -5 40 17.55736732
v 0 40 17.67701912
v 5 40 17.55736732
v 10 40 17.20230484
v 15 40 16.62313461
v 20 40 15.83761787
v 25 40 14.86870575
v 30 40 13.7432909
v 35 40 12.49112701
v 40 40 11.14400673
v 45 40 9.73514748
v 50 40 8.29876518
v 55 40 6.86978769
v 60 40 5.48363972
v 65 40 4.1761055
v 70 40 2.98322892
v 75 40 1.94125473
v 80 40 1.08656192
v 85 40 0.45564249
v 90 40 0.08507211
v 95 40 0
v 100 40 0
v -95 45 0
v -100 45 0
v -90 45 0.01669658
v -85 45 0.26006576
v -80 45 0.76500356
v -75 45 1.49513257
v -70 45 2.41420317
v -65 45 3.48612428
v -60 45 4.67501974
v -55 45 5.94528627
v -50 45 7.26169729
v -45 45 8.58951283
v -40 45 9.89466763
v -35 45 11.14400673
v -30 45 12.30561733
v -25 45.00000381 13.34928322
v -20 45.00000381 14.24708557
v -15 45 14.97416592
v -10 45 15.50964546
v -5 45 15.83761787
v 0 45 15.94808006
v 5 45 15.83761787
v 10 45 15.50964546
v 15 45 14.97416592
v 20 45 14.24708557
v 25 45 13.34928322
v 30 45 12.30561733
v 35 45 11.14400673
v 40 45 9.89466763
v 45 45 8.58951283
v 50 45 7.26169729
v 55 45 5.94528627
v 60 45 4.67501974
v 65 45 3.48612428
v 70 45 2.41420317
v 75 45 1.49513257
v 80 45 0.76500356
v 85 45 0.26006576
v 90 45 0.01669658
v 95 45 0
v 100 45 0
v -95 50 0
v -100 50 0
v -90 50 0
v -85 50 0.10516457
v -80 50 0.47067565
v -75 50 1.06329036
v -70 50 1.84706616
v -65 50 2.7862823
v -60 50 3.84550548
v -55 50 4.98967743
v -50 50 6.18422461
v -45 50 7.39520454
v -40 50 8.58951283
v -35 50 9.73514748
v -30 50 10.80155277
v -25 50 11.76008987
v -20 50.00000381 12.58458042
v -15 50 13.25201035
v -10 50 13.7432909
v -5 50 14.04404259
v 0 50 14.14530754
v 5 50 14.04404259
v 10 50 13.7432909
v 15 50 13.25201035
v 20 50 12.58458042
v 25 50 11.76008987
v 30 50 10.80155277
v 35 50 9.73514748
v 40 50 8.58951283
v 45 50 7.39520454
v 50 50 6.18422461
v 55 50 4.98967743
v 60 50 3.84550548
v 65 50 2.7862823
v 70 50 1.84706616
v 75 50 1.06329036
v 80 50 0.47067565
v 85 50 0.10516457
v 90 50 0
v 95 50 0
v 100 50 0
v -95 55 0
v -100 55 0
v -90 55 0
v -85 55 0.01402378
v -80 55 0.22762035
v -75 55 0.67078465
v -70 55 1.30794263
v -65 55 2.10381818
v -60 55 3.02350235
v -55 55 4.03255749
v -50 55 5.09715366
v -45 55 6.18422461
v -40 55 7.26169729
v -35 55 8.29876518
v -30 55 9.26624489
v -25 55 10.13701344
v -20 55 10.88652325
v -15 55 11.49340534
v -10 55 11.94011593
v -5 55 12.21355534
v -0 55 12.30561733
v 5 55 12.21355534
v 10 55 11.94011593
v 15 55 11.49340534
v 20 55 10.88652325
v 25 55 10.13701344
v 30 55 9.26624489
v 35 55 8.29876518
v 40 55 7.26169729
v 45 55 6.18422461
v 50 55 5.09715366
v 55 55 4.03255749
v 60 55 3.02350235
v 65 55 2.10381818
v 70 55 1.30794263
v 75 55 0.67078465
v 80 55 0.22762035
v 85 55 0.01402378
v 90 55 0
v 95 55 0
v 100 55 0
v -95 60 0
v -100 60 0
v -90 60 0
v -85 60 0
v -80 60 0.06162616
v -75 60 0.34438494
v -70 60 0.8246274
v -65 60 1.46757996
v -60 60 2.23892975
v -55 60 3.10493207
v -50 60 4.03255749
v -45 60 4.98967743
v -40 60 5.94528627
v -35 60 6.86978769
v -30 60 7.73533726
v -25 60 8.51625443
v -20 60 9.18949032
v -15 60 9.73514748
v -10 60 10.13701344
v -5 60 10.38307381
v -0 60 10.46592712
v 5 60 10.38307381
v 10 60 10.13701344
v 15 60 9.73514748
v 20 60 9.18949032
v 25 60 8.51625443
v 30 60 7.73533726
v 35 60 6.86978769
v 40 60 5.94528627
v 45 60 4.98967743
v 50 60 4.03255749
v 55 60 3.10493207
v 60 60 2.23892975
v 65 60 1.46757996
v 70 60 0.8246274
v 75 60 0.34438494
v 80 60 0.06162616
v 85 60 0
v 90 60 0
v 95 60 0
v 100 60 0
v -95 65 0
v -100 65 0
v -90 65 0
v -85 65 0
v -80 65 0
v -75 65 0.11234103
v -70 65 0.42632979
v -65 65 0.90775633
v -60 65 1.52295589
v -55 65 2.23892975
v -50 65 3.02350235
v -45 65 3.84550548
v -40 65 4.67501974
v -35 65 5.48363972
v -30 65 6.24481487
v -25 65 6.93421507
v -20 65 7.53016281
v -15 65 8.0140667
v -10 65 8.37088203
v -5 65 8.58951283
v 0 65 8.6631546
v 5 65 8.58951283
v 10 65 8.37088203
v 15 65 8.0140667
v 20 65 7.53016281
v 25 65 6.93421507
v 30 65 6.24481487
v 35 65 5.48363972
v 40 65 4.67501974
v 45 65 3.84550548
v 50 65 3.02350235
v 55 65 2.23892975
v 60 65 1.52295589
v 65 65 0.90775633
v 70 65 0.42632979
v 75 65 0.11234103
v 80 65 0
v 85 65 0
v 90 65 0
v 95 65 0
v 100 65 0
v -95 70 0
v -100 70 0
v -90 70 0
v -85 70 0
v -80 70 0
v -75 70 0.00416355
v -70 70 0.14345413
v -65 70 0.45564252
v -60 70 0.90775639
v -55 70 1.46758008
v -50 70 2.10381842
v -45 70 2.78628254
v -40 70 3.48612452
v -35 70 4.17610598
v -30 70 4.83089876
v -25 70 5.42743683
v -20 70 5.94528675
v -15 70 6.36702633
v -10 70 6.67862654
v -5 70 6.86978817
v -0 70 6.93421555
v 5 70 6.86978817
v 10 70 6.67862654
v 15 70 6.36702633
v 20 70 5.94528675
v 25 70 5.42743683
v 30 70 4.83089876
v 35 70 4.17610598
v 40 70 3.48612452
v 45 70 2.78628254
v 50 70 2.10381842
v 55 70 1.46758008
v 60 70 0.90775639
v 65 70 0.45564252
v 70 70 0.14345413
v 75 70 0.00416355
v 80 70 0
v 85 70 0
v 90 70 0
v 95 70 0
v 100 70 0
v -95 75 0
v -100 75 0
v -90 75 0
v -85 75 0
v -80 75 0
v -75 75 0
v -70 75 0.00740817
v -65 75 0.14345413
v -60 75 0.42632979
v -55 75 0.8246274
v -50 75 1.30794263
v -45 75 1.84706616
v -40 75 2.41420317
v -35 75 2.98322892
v -30 75 3.52998185
v -25 75 4.03255749
v -20 75 4.47165489
v -15 75 4.83089876
v -10 75 5.09715366
v -5 75 5.26081562
v 0 75 5.31602669
v 5 75 5.26081562
v 10 75 5.09715366
v 15 75 4.83089876
v 20 75 4.47165489
v 25 75 4.03255749
v 30 75 3.52998185
v 35 75 2.98322892
v 40 75 2.41420317
v 45 75 1.84706616
v 50 75 1.30794263
v 55 75 0.8246274
v 60 75 0.42632979
v 65 75 0.14345413
v 70 75 0.00740817
v 75 75 0
v 80 75 0
v 85 75 0
v 90 75 0
v 95 75 0
v 100 75 0
v -95 80 0
v -100 80 0
v -90 80 0
v -85 80 0
v -80 80 0
v -75 80 0
v -70 80 0
v -65 80 0.00416355
v -60 80 0.11234103
v -55 80 0.34438494
v -50 80 0.67078465
v -45 80 1.06329036
v -40 80 1.49513257
v -35 80 1.94125473
v -30 80 2.37857723
v -25 80 2.7862823
v -20 80 3.14609194
v -15 80 3.44256902
v -10 80 3.66337585
v -5 80 3.79951334
v -0 80 3.84550548
v 5 80 3.79951334
v 10 80 3.66337585
v 15 80 3.44256902
v 20 80 3.14609194
v 25 80 2.7862823
v 30 80 2.37857723
v 35 80 1.94125473
v 40 80 1.49513257
v 45 80 1.06329036
v 50 80 0.67078465
v 55 80 0.34438494
v 60 80 0.11234103
v 65 80 0.00416355
v 70 80 0
v 75 80 0
v 80 80 0
v 85 80 0
v 90 80 0
v 95 80 0
v 100 80 0
v -95 85 0
v -100 85 0
v -90 85 0
v -85 85 0
v -80 85 0
v -75 85 0
v -70 85 0
v -65 85 0
v -60 85 0
v -55 85 0.06162616
v -50 85 0.22762035
v -45 85 0.47067565
v -40 85 0.76500356
v -35 85 1.08656192
v -30 85 1.41328835
v -25 85 1.72536111
v -20 85 2.00543976
v -15 85 2.23892975
v -10 85 2.41420317
v -5 85 2.52279568
v 0 85 2.55956841
v 5 85 2.52279568
v 10 85 2.41420317
v 15 85 2.23892975
v 20 85 2.00543976
v 25 85 1.72536111
v 30 85 1.41328835
v 35 85 1.08656192
v 40 85 0.76500356
v 45 85 0.47067565
v 50 85 0.22762035
v 55 85 0.06162616
v 60 85 0
v 65 85 0
v 70 85 0
v 75 85 0
v 80 85 0
v 85 85 0
v 90 85 0
v 95 85 0
v 100 85 0
v -95 90 0
v -100 90 0
v -90 90 0
v -85 90 0
v -80 90 0
v -75 90 0
v -70 90 0
v -65 90 0
v -60 90 0
v -55 90 0
v -50 90 0.01402378
v -45 90 0.10516457
v -40 90 0.26006576
v -35 90 0.45564249
v -30 90 0.67078465
v -25 90 0.88658369
v -20 90 1.08656192
v -15 90 1.25688052
v -10 90 1.38654888
v -5 90 1.46757996
v 0 90 1.49513257
v 5 90 1.46757996
v 10 90 1.38654888
v 15 90 1.25688052
v 20 90 1.08656192
v 25 90 0.88658369
v 30 90 0.67078465
v 35 90 0.45564249
v 40 90 0.26006576
v 45 90 0.10516457
v 50 90 0.01402378
v 55 90 0
v 60 90 0
v 65 90 0
v 70 90 0
v 75 90 0
v 80 90 0
v 85 90 0
v 90 90 0
v 95 90 0
v 100 90 0
v -95 95 0
v -100 95 0
v -90 95 0
v -85 95 0
v -80 95 0
v -75 95 0
v -70 95 0
v -65 95 0
v -60 95 0
v -55 95 0
v -50 95 0
v -45 95 0
v -40 95 0.01669658
v -35 95 0.08507211
v -30 95 0.187782
v -25 95 0.30676714
v -20 95 0.42632979
v -15 95 0.53332382
v -10 95 0.61732799
v -5 95 0.67078465
v 0 95 0.68911457
v 5 95 0.67078465
v 10 95 0.61732799
v 15 95 0.53332382
v 20 95 0.42632979
v 25 95 0.30676714
v 30 95 0.187782
v 35 95 0.08507211
v 40 95 0.01669658
v 45 95 0
v 50 95 0
v 55 95 0
v 60 95 0
v 65 95 0
v 70 95 0
v 75 95 0
v 80 95 0
v 85 95 0
v 90 95 0
v 95 95 0
v 100 95 0
v -95 100 0
v -100 100 0
v -90 100 0
v -85 100 0
v -80 100 0
v -75 100 0
v -70 100 0
v -65 100 0
v -60 100 0
v -55 100 0
v -50 100 0
v -45 100 0
v -40 100 0
v -35 100 0
v -30 100 0.00103961
v -25 100 0.02274524
v -20 100 0.06162616
v -15 100 0.10516457
v -10 100 0.14345413
v -5 100 0.16932382
v 0 100 0.17843145
v 5 100 0.16932382
v 10 100 0.14345413
v 15 100 0.10516457
v 20 100 0.06162616
v 25 100 0.02274524
v 30 100 0.00103961
v 35 100 0
v 40 100 0
v 45 100 0
v 50 100 0
v 55 100 0
v 60 100 0
v 65 100 0
v 70 100 0
v 75 100 0
v 80 100 0
v 85 100 0
v 90 100 0
v 95 100 0
v 100 100 0
vn 0 0 -1
vn 3E-05 3E-05 -1
vn 0.00072 0.00083 -1
vn 0.0013 0.00357 -0.99999
vn 0.00145 0.00761 -0.99997
vn 0.00128 0.01179 -0.99993
vn 0.00086 0.0152 -0.99988
vn 0.0003 0.01723 -0.99985
vn -0.0003 0.01753 -0.99985
vn -0.00086 0.01606 -0.99987
vn -0.00128 0.01307 -0.99991
vn -0.00145 0.00906 -0.99996
vn -0.0013 0.00487 -0.99999
vn -0.00072 0.00155 -1
vn -3E-05 7E-05 -1
vn 0.00056 0.00056 -1
vn 0.00228 0.00395 -0.99999
vn 0.00349 0.01189 -0.99992
vn 0.00548 0.02197 -0.99974
vn 0.00802 0.03259 -0.99944
vn 0.00905 0.04336 -0.99902
vn 0.00824 0.05326 -0.99855
vn 0.00604 0.06118 -0.99811
vn 0.00294 0.0663 -0.9978
vn -0.00061 0.06807 -0.99768
vn -0.0041 0.06625 -0.99779
vn -0.00706 0.0609 -0.99812
vn -0.009 0.05237 -0.99859
vn -0.00947 0.04133 -0.9991
vn -0.008 0.0287 -0.99956
vn -0.00494 0.0161 -0.99986
vn -0.00235 0.00626 -0.99998
vn -0.00056 0.00111 -1
vn 0.00047 0.00047 -1
vn 0.00304 0.00444 -0.99999
vn 0.00627 0.01511 -0.99987
vn 0.01218 0.02964 -0.99949
vn 0.01854 0.04691 -0.99873
vn 0.02194 0.06655 -0.99754
vn 0.02318 0.08537 -0.99608
vn 0.02194 0.10124 -0.99462
vn 0.01837 0.11369 -0.99335
vn 0.01304 0.12264 -0.99237
vn 0.00651 0.12803 -0.99175
vn -0.00061 0.12983 -0.99154
vn -0.00772 0.12804 -0.99174
vn -0.01423 0.12267 -0.99235
vn -0.01954 0.11374 -0.99332
vn -0.02308 0.10131 -0.99459
vn -0.02428 0.08545 -0.99605
vn -0.0226 0.06626 -0.99755
vn -0.01793 0.04463 -0.99884
vn -0.01083 0.02366 -0.99966
vn -0.00415 0.00803 -0.99996
vn -0.00047 0.00093 -1
vn 0.00205 0.00205 -1
vn 0.00647 0.01122 -0.99992
vn 0.01509 0.02732 -0.99951
vn 0.02615 0.04853 -0.99848
vn 0.03449 0.07406 -0.99666
vn 0.04029 0.09892 -0.99428
vn 0.04218 0.12086 -0.99177
vn 0.04056 0.13965 -0.98937
vn 0.03597 0.15518 -0.98723
vn 0.02897 0.16735 -0.98547
vn 0.02014 0.17611 -0.98416
vn 0.01008 0.18139 -0.98336
vn -0.0006 0.18316 -0.98308
vn -0.01127 0.18141 -0.98334
vn -0.02131 0.17615 -0.98413
vn -0.03012 0.16741 -0.98543
vn -0.03708 0.15525 -0.98718
vn -0.04163 0.13975 -0.98931
vn -0.0432 0.12098 -0.99171
vn -0.04126 0.09907 -0.99423
vn -0.03531 0.07413 -0.99662
vn -0.02501 0.04652 -0.9986
vn -0.01253 0.02072 -0.99971
vn -0.00299 0.00458 -0.99999
vn 0.00014 0.00014 -1
vn 0.00361 0.00402 -0.99999
vn 0.01183 0.0169 -0.99979
vn 0.026 0.03764 -0.99895
vn 0.04066 0.0653 -0.99704
vn 0.05289 0.09464 -0.99411
vn 0.06048 0.12172 -0.99072
vn 0.06346 0.146 -0.98725
vn 0.0623 0.16735 -0.98393
vn 0.05753 0.18565 -0.98093
vn 0.04968 0.20079 -0.97837
vn 0.03933 0.21268 -0.97633
vn 0.02709 0.22124 -0.97484
vn 0.01357 0.2264 -0.97394
vn -0.00059 0.22813 -0.97363
vn -0.01474 0.22642 -0.97392
vn -0.02823 0.22127 -0.9748
vn -0.04045 0.21274 -0.97627
vn -0.05075 0.20087 -0.9783
vn -0.05856 0.18576 -0.98085
vn -0.06328 0.16749 -0.98384
vn -0.06439 0.14617 -0.98716
vn -0.06136 0.12192 -0.99064
vn -0.05372 0.09486 -0.99404
vn -0.04104 0.06516 -0.99703
vn -0.02334 0.03378 -0.99916
vn -0.00771 0.00968 -0.99992
vn -0.00014 0.00028 -1
vn 0.00025 0.00025 -1
vn 0.00481 0.00514 -0.99998
vn 0.0169 0.02001 -0.99966
vn 0.03586 0.04443 -0.99837
vn 0.05509 0.07541 -0.99563
vn 0.07078 0.10655 -0.99178
vn 0.08088 0.1353 -0.9875
vn 0.08579 0.1615 -0.98314
vn 0.08595 0.18503 -0.97897
vn 0.08187 0.20575 -0.97517
vn 0.07405 0.22356 -0.97187
vn 0.06305 0.23833 -0.96914
vn 0.04946 0.24996 -0.96699
vn 0.03389 0.25834 -0.96546
vn 0.01699 0.26341 -0.96454
vn -0.00058 0.26511 -0.96422
vn -0.01814 0.26342 -0.96451
vn -0.03501 0.25837 -0.96541
vn -0.05055 0.25001 -0.96692
vn -0.06409 0.2384 -0.96905
vn -0.07504 0.22366 -0.97177
vn -0.0828 0.20589 -0.97507
vn -0.08684 0.1852 -0.97886
vn -0.08661 0.16172 -0.98303
vn -0.08165 0.13555 -0.9874
vn -0.0715 0.10684 -0.9917
vn -0.05576 0.07573 -0.99557
vn -0.03409 0.0424 -0.99852
vn -0.01202 0.01355 -0.99984
vn -0.00052 0.00063 -1
vn 0.00514 0.00481 -0.99998
vn 0.01994 0.01994 -0.9996
vn 0.043 0.04624 -0.998
vn 0.06724 0.07857 -0.99464
vn 0.08676 0.11064 -0.99007
vn 0.10019 0.14057 -0.98499
vn 0.10788 0.16822 -0.97983
vn 0.11025 0.19349 -0.97489
vn 0.10776 0.21625 -0.97037
vn 0.10089 0.23637 -0.96641
vn 0.09016 0.25373 -0.96306
vn 0.07613 0.26818 -0.96036
vn 0.05939 0.2796 -0.95828
vn 0.04057 0.28785 -0.95682
vn 0.02035 0.29285 -0.95594
vn -0.00057 0.29452 -0.95564
vn -0.02149 0.29286 -0.95591
vn -0.04168 0.28787 -0.95676
vn -0.06045 0.27963 -0.9582
vn -0.07714 0.26824 -0.96026
vn -0.09111 0.25382 -0.96295
vn -0.10178 0.2365 -0.96629
vn -0.10859 0.21642 -0.97024
vn -0.11102 0.19371 -0.97476
vn -0.1086 0.16849 -0.9797
vn -0.10086 0.14088 -0.98488
vn -0.08739 0.11099 -0.98997
vn -0.06781 0.07897 -0.99457
vn -0.04184 0.04499 -0.99811
vn -0.01434 0.01434 -0.99979
vn -0.00063 0.00052 -1
vn 0.00402 0.00361 -0.99999
vn 0.02001 0.0169 -0.99966
vn 0.04624 0.043 -0.998
vn 0.07547 0.07547 -0.99429
vn 0.09956 0.10793 -0.98916
vn 0.1171 0.13852 -0.98341
vn 0.12839 0.16714 -0.97754
vn 0.13384 0.19366 -0.9719
vn 0.13386 0.21799 -0.96673
vn 0.1289 0.24 -0.96218
vn 0.11942 0.25958 -0.95831
vn 0.10593 0.27656 -0.95514
vn 0.08898 0.29077 -0.95265
vn 0.06918 0.30204 -0.95078
vn 0.04718 0.31022 -0.94949
vn 0.02368 0.31518 -0.94874
vn -0.00057 0.31685 -0.94848
vn -0.02481 0.31519 -0.9487
vn -0.04827 0.31023 -0.94943
vn -0.07022 0.30206 -0.9507
vn -0.08996 0.29081 -0.95254
vn -0.10684 0.27664 -0.95502
vn -0.12025 0.2597 -0.95817
vn -0.12967 0.24017 -0.96203
vn -0.13457 0.2182 -0.96658
vn -0.1345 0.19393 -0.97175
vn -0.129 0.16747 -0.9774
vn -0.11766 0.13891 -0.98329
vn -0.10009 0.10837 -0.98906
vn -0.07595 0.07595 -0.99421
vn -0.04499 0.04184 -0.99811
vn -0.01355 0.01202 -0.99984
vn -0.00028 0.00014 -1
vn 0.0169 0.01183 -0.99979
vn 0.04443 0.03586 -0.99837
vn 0.07857 0.06724 -0.99464
vn 0.10793 0.09956 -0.98916
vn 0.1303 0.1303 -0.98288
vn 0.14599 0.15933 -0.97637
vn 0.15535 0.18657 -0.97008
vn 0.15877 0.21194 -0.9643
vn 0.15666 0.23535 -0.9592
vn 0.14942 0.25668 -0.95488
vn 0.13752 0.27577 -0.95134
vn 0.12143 0.29244 -0.94854
vn 0.10169 0.30648 -0.94643
vn 0.07891 0.31768 -0.94491
vn 0.05376 0.32585 -0.94389
vn 0.02701 0.33082 -0.94331
vn -0.00057 0.33248 -0.94311
vn -0.02813 0.33081 -0.94328
vn -0.05485 0.32585 -0.94383
vn -0.07993 0.31769 -0.94482
vn -0.10264 0.30651 -0.94632
vn -0.12229 0.2925 -0.94841
vn -0.1383 0.27588 -0.95119
vn -0.15013 0.25684 -0.95472
vn -0.1573 0.23557 -0.95904
vn -0.15936 0.21222 -0.96414
vn -0.15589 0.18691 -0.96993
vn -0.14649 0.15974 -0.97623
vn -0.13077 0.13077 -0.98275
vn -0.10837 0.10009 -0.98906
vn -0.07897 0.06781 -0.99457
vn -0.0424 0.03409 -0.99852
vn -0.00968 0.00771 -0.99992
vn 0.01122 0.00647 -0.99992
vn 0.03764 0.026 -0.99895
vn 0.07541 0.05509 -0.99563
vn 0.11064 0.08676 -0.99007
vn 0.13852 0.1171 -0.98341
vn 0.15933 0.14599 -0.97637
vn 0.17337 0.17337 -0.96948
vn 0.18103 0.19921 -0.96309
vn 0.18267 0.22342 -0.95745
vn 0.17866 0.24593 -0.95268
vn 0.16939 0.26661 -0.9488
vn 0.15526 0.28526 -0.94579
vn 0.13673 0.30169 -0.94355
vn 0.11432 0.31563 -0.94197
vn 0.08863 0.32683 -0.94092
vn 0.06037 0.33504 -0.94027
vn 0.03035 0.34005 -0.93992
vn -0.00057 0.34174 -0.9398
vn -0.03147 0.34005 -0.93988
vn -0.06145 0.33503 -0.9402
vn -0.08963 0.32683 -0.94082
vn -0.11523 0.31565 -0.94185
vn -0.13755 0.30175 -0.94341
vn -0.15599 0.28537 -0.94564
vn -0.17003 0.26677 -0.94864
vn -0.17923 0.24616 -0.95251
vn -0.18318 0.22372 -0.95728
vn -0.1815 0.19957 -0.96293
vn -0.17381 0.17381 -0.96932
vn -0.15974 0.14649 -0.97623
vn -0.13891 0.11766 -0.98329
vn -0.11099 0.08739 -0.98997
vn -0.07573 0.05576 -0.99557
vn -0.03378 0.02334 -0.99916
vn -0.00458 0.00299 -0.99999
vn 0.00444 0.00304 -0.99999
vn 0.02732 0.01509 -0.99951
vn 0.0653 0.04066 -0.99704
vn 0.10655 0.07078 -0.99178
vn 0.14057 0.10019 -0.98499
vn 0.16714 0.12839 -0.97754
vn 0.18657 0.15535 -0.97008
vn 0.19921 0.18103 -0.96309
vn 0.20541 0.20541 -0.95688
vn 0.20553 0.22845 -0.95161
vn 0.19989 0.25005 -0.94738
vn 0.18882 0.27007 -0.94414
vn 0.17269 0.28832 -0.94183
vn 0.15189 0.30454 -0.94031
vn 0.12693 0.31843 -0.93941
vn 0.09841 0.32969 -0.93895
vn 0.06705 0.33799 -0.93876
vn 0.03374 0.34308 -0.9387
vn -0.00058 0.3448 -0.93868
vn -0.03487 0.34307 -0.93866
vn -0.06813 0.33798 -0.93869
vn -0.09939 0.32968 -0.93885
vn -0.12781 0.31845 -0.93928
vn -0.15266 0.3046 -0.94017
vn -0.17335 0.28843 -0.94168
vn -0.18939 0.27025 -0.94398
vn -0.20038 0.2503 -0.94721
vn -0.20597 0.22877 -0.95144
vn -0.20581 0.20581 -0.95671
vn -0.19957 0.1815 -0.96293
vn -0.18691 0.15589 -0.96993
vn -0.16747 0.129 -0.9774
vn -0.14088 0.10086 -0.98488
vn -0.10684 0.0715 -0.9917
vn -0.06516 0.04104 -0.99703
vn -0.02072 0.01253 -0.99971
vn -0.00093 0.00047 -1
vn 0.01511 0.00627 -0.99987
vn 0.04853 0.02615 -0.99848
vn 0.09464 0.05289 -0.99411
vn 0.1353 0.08088 -0.9875
vn 0.16822 0.10788 -0.97983
vn 0.19366 0.13384 -0.9719
vn 0.21194 0.15877 -0.9643
vn 0.22342 0.18267 -0.95745
vn 0.22845 0.20553 -0.95161
vn 0.22732 0.22732 -0.94692
vn 0.22032 0.24796 -0.94338
vn 0.20772 0.26729 -0.94096
vn 0.18982 0.28511 -0.93951
vn 0.16695 0.30113 -0.93886
vn 0.13958 0.315 -0.93877
vn 0.10829 0.32634 -0.93903
vn 0.07385 0.33478 -0.9394
vn 0.0372 0.33998 -0.9397
vn -0.00058 0.34174 -0.9398
vn -0.03834 0.33997 -0.93966
vn -0.07492 0.33476 -0.93932
vn -0.10925 0.32633 -0.93892
vn -0.14041 0.31502 -0.93864
vn -0.16766 0.3012 -0.93871
vn -0.19041 0.28525 -0.93935
vn -0.20822 0.2675 -0.94079
vn -0.22074 0.24824 -0.94321
vn -0.22768 0.22768 -0.94674
vn -0.22877 0.20597 -0.95144
vn -0.22372 0.18318 -0.95728
vn -0.21222 0.15936 -0.96414
vn -0.19393 0.1345 -0.97175
vn -0.16849 0.1086 -0.9797
vn -0.13555 0.08165 -0.9874
vn -0.09486 0.05372 -0.99404
vn -0.04652 0.02501 -0.9986
vn -0.00803 0.00415 -0.99996
vn 0.00395 0.00228 -0.99999
vn 0.02964 0.01218 -0.99949
vn 0.07406 0.03449 -0.99666
vn 0.12172 0.06048 -0.99072
vn 0.1615 0.08579 -0.98314
vn 0.19349 0.11025 -0.97489
vn 0.21799 0.13386 -0.96673
vn 0.23535 0.15666 -0.9592
vn 0.24593 0.17866 -0.95268
vn 0.25005 0.19989 -0.94738
vn 0.24796 0.22032 -0.94338
vn 0.23988 0.23988 -0.9407
vn 0.22603 0.25843 -0.93922
vn 0.2066 0.27574 -0.93877
vn 0.18189 0.2915 -0.93912
vn 0.15226 0.30532 -0.94
vn 0.1183 0.31675 -0.9411
vn 0.08079 0.32534 -0.94214
vn 0.04075 0.33068 -0.94286
vn -0.00059 0.33248 -0.94311
vn -0.0419 0.33066 -0.94282
vn -0.08185 0.32532 -0.94206
vn -0.11923 0.31675 -0.94099
vn -0.15305 0.30535 -0.93986
vn -0.18253 0.2916 -0.93897
vn -0.20712 0.27591 -0.9386
vn -0.22644 0.25869 -0.93904
vn -0.24022 0.24022 -0.94052
vn -0.24824 0.22074 -0.94321
vn -0.2503 0.20038 -0.94721
vn -0.24616 0.17923 -0.95251
vn -0.23557 0.1573 -0.95904
vn -0.2182 0.13457 -0.96658
vn -0.19371 0.11102 -0.97476
vn -0.16172 0.08661 -0.98303
vn -0.12192 0.06136 -0.99064
vn -0.07413 0.03531 -0.99662
vn -0.02366 0.01083 -0.99966
vn -0.00111 0.00056 -1
vn 0.01189 0.00349 -0.99992
vn 7E-05 7E-05 -1
vn 0.04691 0.01854 -0.99873
vn 0.09892 0.04029 -0.99428
vn 0.146 0.06346 -0.98725
vn 0.18503 0.08595 -0.97897
vn 0.21625 0.10776 -0.97037
vn 0.24 0.1289 -0.96218
vn 0.25668 0.14942 -0.95488
vn 0.26661 0.16939 -0.9488
vn 0.27007 0.18882 -0.94414
vn 0.26729 0.20772 -0.94096
vn 0.25843 0.22603 -0.93922
vn 0.24361 0.24361 -0.93878
vn 0.22295 0.26024 -0.93945
vn 0.19663 0.27561 -0.94094
vn 0.16496 0.28929 -0.94292
vn 0.12845 0.30077 -0.94501
vn 0.08789 0.30951 -0.94683
vn 0.04441 0.31499 -0.94806
vn -0.00061 0.31685 -0.94848
vn -0.04557 0.31497 -0.94801
vn -0.08894 0.30949 -0.94673
vn -0.12934 0.30079 -0.94488
vn -0.16568 0.28936 -0.94277
vn -0.19719 0.27576 -0.94078
vn -0.22338 0.26048 -0.93928
vn -0.24394 0.24394 -0.93861
vn -0.25869 0.22644 -0.93904
vn -0.2675 0.20822 -0.94079
vn -0.27025 0.18939 -0.94398
vn -0.26677 0.17003 -0.94864
vn -0.25684 0.15013 -0.95472
vn -0.24017 0.12967 -0.96203
vn -0.21642 0.10859 -0.97024
vn -0.1852 0.08684 -0.97886
vn -0.14617 0.06439 -0.98716
vn -0.09907 0.04126 -0.99423
vn -0.04463 0.01793 -0.99884
vn -0.00626 0.00235 -0.99998
vn 0.02197 0.00548 -0.99974
vn 0.00165 0.00145 -1
vn 0.06655 0.02194 -0.99754
vn 0.12086 0.04218 -0.99177
vn 0.16735 0.0623 -0.98393
vn 0.20575 0.08187 -0.97517
vn 0.23637 0.10089 -0.96641
vn 0.25958 0.11942 -0.95831
vn 0.27577 0.13752 -0.95134
vn 0.28526 0.15526 -0.94579
vn 0.28832 0.17269 -0.94183
vn 0.28511 0.18982 -0.93951
vn 0.27574 0.2066 -0.93877
vn 0.26024 0.22295 -0.93945
vn 0.23865 0.23865 -0.94133
vn 0.21102 0.25339 -0.94407
vn 0.17755 0.26676 -0.94727
vn 0.13867 0.27817 -0.95047
vn 0.09514 0.287 -0.95319
vn 0.04817 0.29261 -0.95502
vn -0.00062 0.29453 -0.95564
vn -0.04935 0.29259 -0.95496
vn -0.09617 0.287 -0.95309
vn -0.1395 0.27822 -0.95033
vn -0.17819 0.26689 -0.94711
vn -0.21149 0.25363 -0.9439
vn -0.23898 0.23898 -0.94116
vn -0.26048 0.22338 -0.93928
vn -0.27591 0.20712 -0.9386
vn -0.28525 0.19041 -0.93935
vn -0.28843 0.17335 -0.94168
vn -0.28537 0.15599 -0.94564
vn -0.27588 0.1383 -0.95119
vn -0.2597 0.12025 -0.95817
vn -0.2365 0.10178 -0.96629
vn -0.20589 0.0828 -0.97507
vn -0.16749 0.06328 -0.98384
vn -0.12098 0.0432 -0.99171
vn -0.06626 0.0226 -0.99755
vn -0.0161 0.00494 -0.99986
vn -0.00014 7E-05 -1
vn 0.03259 0.00802 -0.99944
vn 0.00714 0.00259 -0.99997
vn 0.08537 0.02318 -0.99608
vn 0.13965 0.04056 -0.98937
vn 0.18565 0.05753 -0.98093
vn 0.22356 0.07405 -0.97187
vn 0.25373 0.09016 -0.96306
vn 0.27656 0.10593 -0.95514
vn 0.29244 0.12143 -0.94854
vn 0.30169 0.13673 -0.94355
vn 0.30454 0.15189 -0.94031
vn 0.30113 0.16695 -0.93886
vn 0.2915 0.18189 -0.93912
vn 0.27561 0.19663 -0.94094
vn 0.25339 0.21102 -0.94407
vn 0.22479 0.22479 -0.94812
vn 0.18985 0.23753 -0.95265
vn 0.14885 0.24866 -0.95708
vn 0.10249 0.25746 -0.96084
vn 0.05203 0.26314 -0.96335
vn -0.00063 0.26511 -0.96422
vn -0.05321 0.26314 -0.96329
vn -0.10346 0.25749 -0.96073
vn -0.14959 0.24878 -0.95694
vn -0.19037 0.23776 -0.95248
vn -0.22515 0.22515 -0.94795
vn -0.25363 0.21149 -0.9439
vn -0.27576 0.19719 -0.94078
vn -0.2916 0.18253 -0.93897
vn -0.3012 0.16766 -0.93871
vn -0.3046 0.15266 -0.94017
vn -0.30175 0.13755 -0.94341
vn -0.2925 0.12229 -0.94841
vn -0.27664 0.10684 -0.95502
vn -0.25382 0.09111 -0.96295
vn -0.22366 0.07504 -0.97177
vn -0.18576 0.05856 -0.98085
vn -0.13975 0.04163 -0.98931
vn -0.08545 0.02428 -0.99605
vn -0.0287 0.008 -0.99956
vn -0.0031 0.00145 -0.99999
vn 0.04336 0.00905 -0.99902
vn 0.01523 0.0029 -0.99988
vn 0.10124 0.02194 -0.99462
vn 0.15518 0.03597 -0.98723
vn 0.20079 0.04968 -0.97837
vn 0.23833 0.06305 -0.96914
vn 0.26818 0.07613 -0.96036
vn 0.29077 0.08898 -0.95265
vn 0.30648 0.10169 -0.94643
vn 0.31563 0.11432 -0.94197
vn 0.31843 0.12693 -0.93941
vn 0.315 0.13958 -0.93877
vn 0.30532 0.15226 -0.94
vn 0.28929 0.16496 -0.94292
vn 0.26676 0.17755 -0.94727
vn 0.23753 0.18985 -0.95265
vn 0.2015 0.2015 -0.95854
vn 0.15875 0.21196 -0.9643
vn 0.10981 0.22048 -0.96919
vn 0.05595 0.22615 -0.97248
vn -0.00064 0.22814 -0.97363
vn -0.05711 0.22616 -0.97241
vn -0.1107 0.22058 -0.96907
vn -0.15935 0.21219 -0.96415
vn -0.20188 0.20188 -0.95838
vn -0.23776 0.19037 -0.95248
vn -0.26689 0.17819 -0.94711
vn -0.28936 0.16568 -0.94277
vn -0.30535 0.15305 -0.93986
vn -0.31502 0.14041 -0.93864
vn -0.31845 0.12781 -0.93928
vn -0.31565 0.11523 -0.94185
vn -0.30651 0.10263 -0.94632
vn -0.29081 0.08996 -0.95254
vn -0.26824 0.07714 -0.96026
vn -0.2384 0.06409 -0.96905
vn -0.20087 0.05075 -0.9783
vn -0.15525 0.03708 -0.98718
vn -0.10131 0.02308 -0.99459
vn -0.04133 0.00947 -0.9991
vn -0.00973 0.00259 -0.99995
vn 0.05326 0.00824 -0.99855
vn 0.02358 0.00255 -0.99972
vn 0.11369 0.01837 -0.99335
vn 0.16735 0.02897 -0.98547
vn 0.21268 0.03933 -0.97633
vn 0.24996 0.04946 -0.96699
vn 0.2796 0.05939 -0.95828
vn 0.30204 0.06918 -0.95078
vn 0.31768 0.07891 -0.94491
vn 0.32683 0.08863 -0.94092
vn 0.32969 0.09841 -0.93895
vn 0.32634 0.10829 -0.93903
vn 0.31675 0.1183 -0.9411
vn 0.30077 0.12845 -0.94501
vn 0.27817 0.13867 -0.95047
vn 0.24866 0.14885 -0.95708
vn 0.21196 0.15875 -0.9643
vn 0.16795 0.16795 -0.97138
vn 0.11688 0.17576 -0.97747
vn 0.05986 0.1812 -0.98162
vn -0.00063 0.18318 -0.98308
vn -0.06094 0.18126 -0.98155
vn -0.1176 0.17598 -0.97734
vn -0.16837 0.16837 -0.97124
vn -0.21219 0.15935 -0.96415
vn -0.24878 0.14959 -0.95694
vn -0.27822 0.1395 -0.95033
vn -0.30079 0.12934 -0.94488
vn -0.31675 0.11923 -0.94099
vn -0.32633 0.10925 -0.93892
vn -0.32968 0.09939 -0.93885
vn -0.32683 0.08963 -0.94082
vn -0.31769 0.07993 -0.94482
vn -0.30206 0.07022 -0.9507
vn -0.27963 0.06045 -0.9582
vn -0.25001 0.05055 -0.96692
vn -0.21274 0.04045 -0.97627
vn -0.16741 0.03012 -0.98543
vn -0.11374 0.01954 -0.99332
vn -0.05237 0.009 -0.99859
vn -0.01813 0.0029 -0.99983
vn 0.06118 0.00604 -0.99811
vn 0.0304 0.00172 -0.99954
vn 0.12264 0.01304 -0.99237
vn 0.17611 0.02014 -0.98416
vn 0.22124 0.02709 -0.97484
vn 0.25834 0.03389 -0.96546
vn 0.28785 0.04057 -0.95682
vn 0.31022 0.04718 -0.94949
vn 0.32585 0.05376 -0.94389
vn 0.33504 0.06037 -0.94027
vn 0.33799 0.06705 -0.93876
vn 0.33478 0.07385 -0.9394
vn 0.32534 0.08079 -0.94214
vn 0.30951 0.08789 -0.94683
vn 0.287 0.09514 -0.95319
vn 0.25746 0.10249 -0.96084
vn 0.22048 0.10981 -0.96919
vn 0.17576 0.11688 -0.97747
vn 0.12324 0.12324 -0.9847
vn 0.06358 0.128 -0.98973
vn -0.00061 0.12988 -0.99153
vn -0.06448 0.12818 -0.98965
vn -0.1237 0.1237 -0.98458
vn -0.17598 0.1176 -0.97734
vn -0.22058 0.1107 -0.96907
vn -0.25749 0.10346 -0.96073
vn -0.287 0.09617 -0.95309
vn -0.30949 0.08894 -0.94673
vn -0.32532 0.08185 -0.94206
vn -0.33476 0.07492 -0.93932
vn -0.33798 0.06813 -0.93869
vn -0.33503 0.06145 -0.9402
vn -0.32585 0.05485 -0.94383
vn -0.31023 0.04827 -0.94943
vn -0.28787 0.04168 -0.95676
vn -0.25837 0.03501 -0.96541
vn -0.22127 0.02823 -0.9748
vn -0.17615 0.02131 -0.98413
vn -0.12267 0.01423 -0.99235
vn -0.0609 0.00706 -0.99812
vn -0.02613 0.00255 -0.99966
vn 0.0663 0.00294 -0.9978
vn 0.03445 0.00061 -0.99941
vn 0.12803 0.00651 -0.99175
vn 0.18139 0.01008 -0.98336
vn 0.2264 0.01357 -0.97394
vn 0.26341 0.01699 -0.96454
vn 0.29285 0.02035 -0.95594
vn 0.31518 0.02368 -0.94873
vn 0.33082 0.02701 -0.94331
vn 0.34005 0.03035 -0.93992
vn 0.34308 0.03374 -0.9387
vn 0.33998 0.0372 -0.9397
vn 0.33068 0.04075 -0.94286
vn 0.31499 0.04441 -0.94806
vn 0.29261 0.04817 -0.95502
vn 0.26314 0.05203 -0.96335
vn 0.22615 0.05595 -0.97248
vn 0.1812 0.05986 -0.98162
vn 0.128 0.06358 -0.98973
vn 0.06672 0.06672 -0.99554
vn -0.00047 0.06823 -0.99767
vn -0.06722 0.06722 -0.99547
vn -0.12818 0.06448 -0.98965
vn -0.18126 0.06094 -0.98155
vn -0.22616 0.05711 -0.97241
vn -0.26314 0.05321 -0.96329
vn -0.29259 0.04935 -0.95496
vn -0.31497 0.04557 -0.94801
vn -0.33066 0.0419 -0.94282
vn -0.33997 0.03834 -0.93966
vn -0.34307 0.03487 -0.93866
vn -0.34005 0.03147 -0.93988
vn -0.33081 0.02813 -0.94328
vn -0.31519 0.02481 -0.9487
vn -0.29286 0.02149 -0.95591
vn -0.26342 0.01814 -0.96451
vn -0.22642 0.01474 -0.97392
vn -0.18141 0.01127 -0.98334
vn -0.12804 0.00772 -0.99174
vn -0.06625 0.0041 -0.99779
vn -0.03212 0.00172 -0.99948
vn 0.06807 -0.00061 -0.99768
vn 0.03506 -0.00061 -0.99939
vn 0.12983 -0.00061 -0.99154
vn 0.18316 -0.0006 -0.98308
vn 0.22813 -0.00059 -0.97363
vn 0.26511 -0.00058 -0.96422
vn 0.29452 -0.00057 -0.95564
vn 0.31685 -0.00057 -0.94848
vn 0.33248 -0.00057 -0.94311
vn 0.34174 -0.00057 -0.9398
vn 0.3448 -0.00058 -0.93868
vn 0.34174 -0.00058 -0.9398
vn 0.33248 -0.00059 -0.94311
vn 0.31685 -0.00061 -0.94848
vn 0.29453 -0.00062 -0.95564
vn 0.26511 -0.00063 -0.96422
vn 0.22814 -0.00064 -0.97363
vn 0.18318 -0.00063 -0.98308
vn 0.12988 -0.00061 -0.99153
vn 0.06823 -0.00047 -0.99767
vn 0 0 -1
vn -0.06823 0.00047 -0.99767
vn -0.12988 0.00061 -0.99153
vn -0.18318 0.00063 -0.98308
vn -0.22814 0.00064 -0.97363
vn -0.26511 0.00063 -0.96422
vn -0.29453 0.00062 -0.95564
vn -0.31685 0.00061 -0.94848
vn -0.33248 0.00059 -0.94311
vn -0.34174 0.00058 -0.9398
vn -0.3448 0.00058 -0.93868
vn -0.34174 0.00057 -0.9398
vn -0.33248 0.00057 -0.94311
vn -0.31685 0.00057 -0.94848
vn -0.29452 0.00057 -0.95564
vn -0.26511 0.00058 -0.96422
vn -0.22813 0.00059 -0.97363
vn -0.18316 0.0006 -0.98308
vn -0.12983 0.00061 -0.99154
vn -0.06807 0.00061 -0.99768
vn -0.03506 0.00061 -0.99939
vn 0.06625 -0.0041 -0.99779
vn 0.03212 -0.00172 -0.99948
vn 0.12804 -0.00772 -0.99174
vn 0.18141 -0.01127 -0.98334
vn 0.22642 -0.01474 -0.97392
vn 0.26342 -0.01814 -0.96451
vn 0.29286 -0.02149 -0.95591
vn 0.31519 -0.02481 -0.9487
vn 0.33081 -0.02813 -0.94328
vn 0.34005 -0.03147 -0.93988
vn 0.34307 -0.03487 -0.93866
vn 0.33997 -0.03834 -0.93966
vn 0.33066 -0.0419 -0.94282
vn 0.31497 -0.04557 -0.94801
vn 0.29259 -0.04935 -0.95496
vn 0.26314 -0.05321 -0.96329
vn 0.22616 -0.05711 -0.97241
vn 0.18126 -0.06094 -0.98155
vn 0.12818 -0.06448 -0.98965
vn 0.06722 -0.06722 -0.99547
vn 0.00047 -0.06823 -0.99767
vn -0.06672 -0.06672 -0.99554
vn -0.128 -0.06358 -0.98973
vn -0.1812 -0.05986 -0.98162
vn -0.22615 -0.05595 -0.97248
vn -0.26314 -0.05203 -0.96335
vn -0.29261 -0.04817 -0.95502
vn -0.31499 -0.04441 -0.94806
vn -0.33068 -0.04075 -0.94286
vn -0.33998 -0.0372 -0.9397
vn -0.34308 -0.03374 -0.9387
vn -0.34005 -0.03035 -0.93992
vn -0.33082 -0.02701 -0.94331
vn -0.31518 -0.02368 -0.94873
vn -0.29285 -0.02035 -0.95594
vn -0.26341 -0.01699 -0.96454
vn -0.2264 -0.01357 -0.97394
vn -0.18139 -0.01008 -0.98336
vn -0.12803 -0.00651 -0.99175
vn -0.0663 -0.00294 -0.9978
vn -0.03445 -0.00061 -0.99941
vn 0.0609 -0.00706 -0.99812
vn 0.02613 -0.00255 -0.99966
vn 0.12267 -0.01423 -0.99235
vn 0.17615 -0.02131 -0.98413
vn 0.22127 -0.02823 -0.9748
vn 0.25837 -0.03501 -0.96541
vn 0.28787 -0.04168 -0.95676
vn 0.31023 -0.04827 -0.94943
vn 0.32585 -0.05485 -0.94383
vn 0.33503 -0.06145 -0.9402
vn 0.33798 -0.06813 -0.93869
vn 0.33476 -0.07492 -0.93932
vn 0.32532 -0.08185 -0.94206
vn 0.30949 -0.08894 -0.94673
vn 0.287 -0.09617 -0.95309
vn 0.25749 -0.10346 -0.96073
vn 0.22058 -0.1107 -0.96907
vn 0.17598 -0.1176 -0.97734
vn 0.1237 -0.1237 -0.98458
vn 0.06448 -0.12818 -0.98965
vn 0.00061 -0.12988 -0.99153
vn -0.06358 -0.128 -0.98973
vn -0.12324 -0.12324 -0.9847
vn -0.17576 -0.11688 -0.97747
vn -0.22048 -0.10981 -0.96919
vn -0.25746 -0.10249 -0.96084
vn -0.287 -0.09514 -0.95319
vn -0.30951 -0.08789 -0.94683
vn -0.32534 -0.08079 -0.94214
vn -0.33478 -0.07385 -0.9394
vn -0.33799 -0.06705 -0.93876
vn -0.33504 -0.06037 -0.94027
vn -0.32585 -0.05376 -0.94389
vn -0.31022 -0.04718 -0.94949
vn -0.28785 -0.04057 -0.95682
vn -0.25834 -0.03389 -0.96546
vn -0.22124 -0.02709 -0.97484
vn -0.17611 -0.02014 -0.98416
vn -0.12264 -0.01304 -0.99237
vn -0.06118 -0.00604 -0.99811
vn -0.0304 -0.00172 -0.99954
vn 0.05237 -0.009 -0.99859
vn 0.01813 -0.0029 -0.99983
vn 0.11374 -0.01954 -0.99332
vn 0.16741 -0.03012 -0.98543
vn 0.21274 -0.04045 -0.97627
vn 0.25001 -0.05055 -0.96692
vn 0.27963 -0.06045 -0.9582
vn 0.30206 -0.07022 -0.9507
vn 0.31769 -0.07993 -0.94482
vn 0.32683 -0.08963 -0.94082
vn 0.32968 -0.09939 -0.93885
vn 0.32633 -0.10925 -0.93892
vn 0.31675 -0.11923 -0.94099
vn 0.30079 -0.12934 -0.94488
vn 0.27822 -0.1395 -0.95033
vn 0.24878 -0.14959 -0.95694
vn 0.21219 -0.15935 -0.96415
vn 0.16837 -0.16837 -0.97124
vn 0.1176 -0.17598 -0.97734
vn 0.06094 -0.18126 -0.98155
vn 0.00063 -0.18318 -0.98308
vn -0.05986 -0.1812 -0.98162
vn -0.11688 -0.17576 -0.97747
vn -0.16795 -0.16795 -0.97138
vn -0.21196 -0.15875 -0.9643
vn -0.24866 -0.14885 -0.95708
vn -0.27817 -0.13867 -0.95047
vn -0.30077 -0.12845 -0.94501
vn -0.31675 -0.1183 -0.9411
vn -0.32634 -0.10829 -0.93903
vn -0.32969 -0.09841 -0.93895
vn -0.32683 -0.08863 -0.94092
vn -0.31768 -0.07891 -0.94491
vn -0.30204 -0.06918 -0.95078
vn -0.2796 -0.05939 -0.95828
vn -0.24996 -0.04946 -0.96699
vn -0.21268 -0.03933 -0.97633
vn -0.16735 -0.02897 -0.98547
vn -0.11369 -0.01837 -0.99335
vn -0.05326 -0.00824 -0.99855
vn -0.02358 -0.00255 -0.99972
vn 0.04133 -0.00947 -0.9991
vn 0.00973 -0.00259 -0.99995
vn 0.10131 -0.02308 -0.99459
vn 0.15525 -0.03708 -0.98718
vn 0.20087 -0.05075 -0.9783
vn 0.2384 -0.06409 -0.96905
vn 0.26824 -0.07714 -0.96026
vn 0.29081 -0.08996 -0.95254
vn 0.30651 -0.10264 -0.94632
vn 0.31565 -0.11523 -0.94185
vn 0.31845 -0.12781 -0.93928
vn 0.31502 -0.14041 -0.93864
vn 0.30535 -0.15305 -0.93986
vn 0.28936 -0.16568 -0.94277
vn 0.26689 -0.17819 -0.94711
vn 0.23776 -0.19037 -0.95248
vn 0.20188 -0.20188 -0.95838
vn 0.15935 -0.21219 -0.96415
vn 0.1107 -0.22058 -0.96907
vn 0.05711 -0.22616 -0.97241
vn 0.00064 -0.22814 -0.97363
vn -0.05595 -0.22615 -0.97248
vn -0.10981 -0.22048 -0.96919
vn -0.15875 -0.21196 -0.9643
vn -0.2015 -0.2015 -0.95854
vn -0.23753 -0.18985 -0.95265
vn -0.26676 -0.17755 -0.94727
vn -0.28929 -0.16496 -0.94292
vn -0.30532 -0.15226 -0.94
vn -0.315 -0.13958 -0.93877
vn -0.31843 -0.12693 -0.93941
vn -0.31563 -0.11432 -0.94197
vn -0.30648 -0.10169 -0.94643
vn -0.29077 -0.08898 -0.95265
vn -0.26818 -0.07613 -0.96036
vn -0.23833 -0.06305 -0.96914
vn -0.20079 -0.04968 -0.97837
vn -0.15518 -0.03597 -0.98723
vn -0.10124 -0.02194 -0.99462
vn -0.04336 -0.00905 -0.99902
vn -0.01523 -0.0029 -0.99988
vn 0.0287 -0.008 -0.99956
vn 0.0031 -0.00145 -0.99999
vn 0.08545 -0.02428 -0.99605
vn 0.13975 -0.04163 -0.98931
vn 0.18576 -0.05856 -0.98085
vn 0.22366 -0.07504 -0.97177
vn 0.25382 -0.09111 -0.96295
vn 0.27664 -0.10684 -0.95502
vn 0.2925 -0.12229 -0.94841
vn 0.30175 -0.13755 -0.94341
vn 0.3046 -0.15266 -0.94017
vn 0.3012 -0.16766 -0.93871
vn 0.2916 -0.18253 -0.93897
vn 0.27576 -0.19719 -0.94078
vn 0.25363 -0.21149 -0.9439
vn 0.22515 -0.22515 -0.94795
vn 0.19037 -0.23776 -0.95248
vn 0.14959 -0.24878 -0.95694
vn 0.10346 -0.25749 -0.96073
vn 0.05321 -0.26314 -0.96329
vn 0.00063 -0.26511 -0.96422
vn -0.05203 -0.26314 -0.96335
vn -0.10249 -0.25746 -0.96084
vn -0.14885 -0.24866 -0.95708
vn -0.18985 -0.23753 -0.95265
vn -0.22479 -0.22479 -0.94812
vn -0.25339 -0.21102 -0.94407
vn -0.27561 -0.19663 -0.94094
vn -0.2915 -0.18189 -0.93912
vn -0.30113 -0.16695 -0.93886
vn -0.30454 -0.15189 -0.94031
vn -0.30169 -0.13673 -0.94355
vn -0.29244 -0.12143 -0.94854
vn -0.27656 -0.10593 -0.95514
vn -0.25373 -0.09016 -0.96306
vn -0.22356 -0.07405 -0.97187
vn -0.18565 -0.05753 -0.98093
vn -0.13965 -0.04056 -0.98937
vn -0.08537 -0.02318 -0.99608
vn -0.03259 -0.00802 -0.99944
vn -0.00714 -0.00259 -0.99997
vn 0.0161 -0.00494 -0.99986
vn 0.00014 -7E-05 -1
vn 0.06626 -0.0226 -0.99755
vn 0.12098 -0.0432 -0.99171
vn 0.16749 -0.06328 -0.98384
vn 0.20589 -0.0828 -0.97507
vn 0.2365 -0.10178 -0.96629
vn 0.2597 -0.12025 -0.95817
vn 0.27588 -0.1383 -0.95119
vn 0.28537 -0.15599 -0.94564
vn 0.28843 -0.17335 -0.94168
vn 0.28525 -0.19041 -0.93935
vn 0.27591 -0.20712 -0.9386
vn 0.26048 -0.22338 -0.93928
vn 0.23898 -0.23898 -0.94116
vn 0.21149 -0.25363 -0.9439
vn 0.17819 -0.26689 -0.94711
vn 0.1395 -0.27822 -0.95033
vn 0.09617 -0.287 -0.95309
vn 0.04935 -0.29259 -0.95496
vn 0.00062 -0.29453 -0.95564
vn -0.04817 -0.29261 -0.95502
vn -0.09514 -0.287 -0.95319
vn -0.13867 -0.27817 -0.95047
vn -0.17755 -0.26676 -0.94727
vn -0.21102 -0.25339 -0.94407
vn -0.23865 -0.23865 -0.94133
vn -0.26024 -0.22295 -0.93945
vn -0.27574 -0.2066 -0.93877
vn -0.28511 -0.18982 -0.93951
vn -0.28832 -0.17269 -0.94183
vn -0.28526 -0.15526 -0.94579
vn -0.27577 -0.13752 -0.95134
vn -0.25958 -0.11942 -0.95831
vn -0.23637 -0.10089 -0.96641
vn -0.20575 -0.08187 -0.97517
vn -0.16735 -0.0623 -0.98393
vn -0.12086 -0.04218 -0.99177
vn -0.06655 -0.02194 -0.99754
vn -0.02197 -0.00548 -0.99974
vn -0.00165 -0.00145 -1
vn 0.00626 -0.00235 -0.99998
vn 0.04463 -0.01793 -0.99884
vn 0.09907 -0.04126 -0.99423
vn 0.14617 -0.06439 -0.98716
vn 0.1852 -0.08684 -0.97886
vn 0.21642 -0.10859 -0.97024
vn 0.24017 -0.12967 -0.96203
vn 0.25684 -0.15013 -0.95472
vn 0.26677 -0.17003 -0.94864
vn 0.27025 -0.18939 -0.94398
vn 0.2675 -0.20822 -0.94079
vn 0.25869 -0.22644 -0.93904
vn 0.24394 -0.24394 -0.93861
vn 0.22338 -0.26048 -0.93928
vn 0.19719 -0.27576 -0.94078
vn 0.16568 -0.28936 -0.94277
vn 0.12934 -0.30079 -0.94488
vn 0.08894 -0.30949 -0.94673
vn 0.04557 -0.31497 -0.94801
vn 0.00061 -0.31685 -0.94848
vn -0.04441 -0.31499 -0.94806
vn -0.08789 -0.30951 -0.94683
vn -0.12845 -0.30077 -0.94501
vn -0.16496 -0.28929 -0.94292
vn -0.19663 -0.27561 -0.94094
vn -0.22295 -0.26024 -0.93945
vn -0.24361 -0.24361 -0.93878
vn -0.25843 -0.22603 -0.93922
vn -0.26729 -0.20772 -0.94096
vn -0.27007 -0.18882 -0.94414
vn -0.26661 -0.16939 -0.9488
vn -0.25668 -0.14942 -0.95488
vn -0.24 -0.1289 -0.96218
vn -0.21625 -0.10776 -0.97037
vn -0.18503 -0.08595 -0.97897
vn -0.146 -0.06346 -0.98725
vn -0.09892 -0.04029 -0.99428
vn -0.04691 -0.01854 -0.99873
vn -0.01189 -0.00349 -0.99992
vn -7E-05 -7E-05 -1
vn 0.00111 -0.00056 -1
vn 0.02366 -0.01083 -0.99966
vn 0.07413 -0.03531 -0.99662
vn 0.12192 -0.06136 -0.99064
vn 0.16172 -0.08661 -0.98303
vn 0.19371 -0.11102 -0.97476
vn 0.2182 -0.13457 -0.96658
vn 0.23557 -0.1573 -0.95904
vn 0.24616 -0.17923 -0.95251
vn 0.2503 -0.20038 -0.94721
vn 0.24824 -0.22074 -0.94321
vn 0.24022 -0.24022 -0.94052
vn 0.22644 -0.25869 -0.93904
vn 0.20712 -0.27591 -0.9386
vn 0.18253 -0.2916 -0.93897
vn 0.15305 -0.30535 -0.93986
vn 0.11923 -0.31675 -0.94099
vn 0.08185 -0.32532 -0.94206
vn 0.0419 -0.33066 -0.94282
vn 0.00059 -0.33248 -0.94311
vn -0.04075 -0.33068 -0.94286
vn -0.08079 -0.32534 -0.94214
vn -0.1183 -0.31675 -0.9411
vn -0.15226 -0.30532 -0.94
vn -0.18189 -0.2915 -0.93912
vn -0.2066 -0.27574 -0.93877
vn -0.22603 -0.25843 -0.93922
vn -0.23988 -0.23988 -0.9407
vn -0.24796 -0.22032 -0.94338
vn -0.25005 -0.19989 -0.94738
vn -0.24593 -0.17866 -0.95268
vn -0.23535 -0.15666 -0.9592
vn -0.21799 -0.13386 -0.96673
vn -0.19349 -0.11025 -0.97489
vn -0.1615 -0.08579 -0.98314
vn -0.12172 -0.06048 -0.99072
vn -0.07406 -0.03449 -0.99666
vn -0.02964 -0.01218 -0.99949
vn -0.00395 -0.00228 -0.99999
vn 0.00803 -0.00415 -0.99996
vn 0.04652 -0.02501 -0.9986
vn 0.09486 -0.05372 -0.99404
vn 0.13555 -0.08165 -0.9874
vn 0.16849 -0.1086 -0.9797
vn 0.19393 -0.1345 -0.97175
vn 0.21222 -0.15936 -0.96414
vn 0.22372 -0.18318 -0.95728
vn 0.22877 -0.20597 -0.95144
vn 0.22768 -0.22768 -0.94674
vn 0.22074 -0.24824 -0.94321
vn 0.20822 -0.2675 -0.94079
vn 0.19041 -0.28525 -0.93935
vn 0.16766 -0.3012 -0.93871
vn 0.14041 -0.31502 -0.93864
vn 0.10925 -0.32633 -0.93892
vn 0.07492 -0.33476 -0.93932
vn 0.03834 -0.33997 -0.93966
vn 0.00058 -0.34174 -0.9398
vn -0.0372 -0.33998 -0.9397
vn -0.07385 -0.33478 -0.9394
vn -0.10829 -0.32634 -0.93903
vn -0.13958 -0.315 -0.93877
vn -0.16695 -0.30113 -0.93886
vn -0.18982 -0.28511 -0.93951
vn -0.20772 -0.26729 -0.94096
vn -0.22032 -0.24796 -0.94338
vn -0.22732 -0.22732 -0.94692
vn -0.22845 -0.20553 -0.95161
vn -0.22342 -0.18267 -0.95745
vn -0.21194 -0.15877 -0.9643
vn -0.19366 -0.13384 -0.9719
vn -0.16822 -0.10788 -0.97983
vn -0.1353 -0.08088 -0.9875
vn -0.09464 -0.05289 -0.99411
vn -0.04853 -0.02615 -0.99848
vn -0.01511 -0.00627 -0.99987
vn -0.00056 -0.00056 -1
vn 0.00093 -0.00047 -1
vn 0.02072 -0.01253 -0.99971
vn 0.06516 -0.04104 -0.99703
vn 0.10684 -0.0715 -0.9917
vn 0.14088 -0.10086 -0.98488
vn 0.16747 -0.129 -0.9774
vn 0.18691 -0.15589 -0.96993
vn 0.19957 -0.1815 -0.96293
vn 0.20581 -0.20581 -0.95671
vn 0.20597 -0.22877 -0.95144
vn 0.20038 -0.2503 -0.94721
vn 0.18939 -0.27025 -0.94398
vn 0.17335 -0.28843 -0.94168
vn 0.15266 -0.3046 -0.94017
vn 0.12781 -0.31845 -0.93928
vn 0.09939 -0.32968 -0.93885
vn 0.06813 -0.33798 -0.93869
vn 0.03487 -0.34307 -0.93866
vn 0.00058 -0.3448 -0.93868
vn -0.03374 -0.34308 -0.9387
vn -0.06705 -0.33799 -0.93876
vn -0.09841 -0.32969 -0.93895
vn -0.12693 -0.31843 -0.93941
vn -0.15189 -0.30454 -0.94031
vn -0.17269 -0.28832 -0.94183
vn -0.18882 -0.27007 -0.94414
vn -0.19989 -0.25005 -0.94738
vn -0.20553 -0.22845 -0.95161
vn -0.20541 -0.20541 -0.95688
vn -0.19921 -0.18103 -0.96309
vn -0.18657 -0.15535 -0.97008
vn -0.16714 -0.12839 -0.97754
vn -0.14057 -0.10019 -0.98499
vn -0.10655 -0.07078 -0.99178
vn -0.0653 -0.04066 -0.99704
vn -0.02732 -0.01509 -0.99951
vn -0.00444 -0.00304 -0.99999
vn 0.00458 -0.00299 -0.99999
vn 0.03378 -0.02334 -0.99916
vn 0.07573 -0.05576 -0.99557
vn 0.11099 -0.08739 -0.98997
vn 0.13891 -0.11766 -0.98329
vn 0.15974 -0.14649 -0.97623
vn 0.17381 -0.17381 -0.96932
vn 0.1815 -0.19957 -0.96293
vn 0.18318 -0.22372 -0.95728
vn 0.17923 -0.24616 -0.95251
vn 0.17003 -0.26677 -0.94864
vn 0.15599 -0.28537 -0.94564
vn 0.13755 -0.30175 -0.94341
vn 0.11523 -0.31565 -0.94185
vn 0.08963 -0.32683 -0.94082
vn 0.06145 -0.33503 -0.9402
vn 0.03147 -0.34005 -0.93988
vn 0.00057 -0.34174 -0.9398
vn -0.03035 -0.34005 -0.93992
vn -0.06037 -0.33504 -0.94027
vn -0.08863 -0.32683 -0.94092
vn -0.11432 -0.31563 -0.94197
vn -0.13673 -0.30169 -0.94355
vn -0.15526 -0.28526 -0.94579
vn -0.16939 -0.26661 -0.9488
vn -0.17866 -0.24593 -0.95268
vn -0.18267 -0.22342 -0.95745
vn -0.18103 -0.19921 -0.96309
vn -0.17337 -0.17337 -0.96948
vn -0.15933 -0.14599 -0.97637
vn -0.13852 -0.1171 -0.98341
vn -0.11064 -0.08676 -0.99007
vn -0.07541 -0.05509 -0.99563
vn -0.03764 -0.026 -0.99895
vn -0.01122 -0.00647 -0.99992
vn -0.00047 -0.00047 -1
vn 0.00968 -0.00771 -0.99992
vn 0.0424 -0.03409 -0.99852
vn 0.07897 -0.06781 -0.99457
vn 0.10837 -0.10009 -0.98906
vn 0.13077 -0.13077 -0.98275
vn 0.14649 -0.15974 -0.97623
vn 0.15589 -0.18691 -0.96993
vn 0.15936 -0.21222 -0.96414
vn 0.1573 -0.23557 -0.95904
vn 0.15013 -0.25684 -0.95472
vn 0.1383 -0.27588 -0.95119
vn 0.12229 -0.2925 -0.94841
vn 0.10264 -0.30651 -0.94632
vn 0.07993 -0.31769 -0.94482
vn 0.05485 -0.32585 -0.94383
vn 0.02813 -0.33081 -0.94328
vn 0.00057 -0.33248 -0.94311
vn -0.02701 -0.33082 -0.94331
vn -0.05376 -0.32585 -0.94389
vn -0.07891 -0.31768 -0.94491
vn -0.10169 -0.30648 -0.94643
vn -0.12143 -0.29244 -0.94854
vn -0.13752 -0.27577 -0.95134
vn -0.14942 -0.25668 -0.95488
vn -0.15666 -0.23535 -0.9592
vn -0.15877 -0.21194 -0.9643
vn -0.15535 -0.18657 -0.97008
vn -0.14599 -0.15933 -0.97637
vn -0.1303 -0.1303 -0.98288
vn -0.10793 -0.09956 -0.98916
vn -0.07857 -0.06724 -0.99464
vn -0.04443 -0.03586 -0.99837
vn -0.0169 -0.01183 -0.99979
vn -0.00205 -0.00205 -1
vn 0.00028 -0.00014 -1
vn 0.01355 -0.01202 -0.99984
vn 0.04499 -0.04184 -0.99811
vn 0.07595 -0.07595 -0.99422
vn 0.10009 -0.10837 -0.98906
vn 0.11766 -0.13891 -0.98329
vn 0.129 -0.16747 -0.9774
vn 0.1345 -0.19393 -0.97175
vn 0.13457 -0.2182 -0.96658
vn 0.12967 -0.24017 -0.96203
vn 0.12025 -0.2597 -0.95817
vn 0.10684 -0.27664 -0.95502
vn 0.08996 -0.29081 -0.95254
vn 0.07022 -0.30206 -0.9507
vn 0.04827 -0.31023 -0.94943
vn 0.02481 -0.31519 -0.9487
vn 0.00057 -0.31685 -0.94848
vn -0.02368 -0.31518 -0.94873
vn -0.04718 -0.31022 -0.94949
vn -0.06918 -0.30204 -0.95078
vn -0.08898 -0.29077 -0.95265
vn -0.10593 -0.27656 -0.95514
vn -0.11942 -0.25958 -0.95831
vn -0.1289 -0.24 -0.96218
vn -0.13386 -0.21799 -0.96673
vn -0.13384 -0.19366 -0.9719
vn -0.12839 -0.16714 -0.97754
vn -0.1171 -0.13852 -0.98341
vn -0.09956 -0.10793 -0.98916
vn -0.07547 -0.07547 -0.99429
vn -0.04624 -0.043 -0.998
vn -0.02001 -0.0169 -0.99966
vn -0.00402 -0.00361 -0.99999
vn 0.00063 -0.00052 -1
vn 0.01434 -0.01434 -0.99979
vn 0.04184 -0.04499 -0.99811
vn 0.06781 -0.07897 -0.99457
vn 0.08739 -0.11099 -0.98997
vn 0.10086 -0.14088 -0.98488
vn 0.1086 -0.16849 -0.9797
vn 0.11102 -0.19371 -0.97476
vn 0.10859 -0.21642 -0.97024
vn 0.10178 -0.2365 -0.96629
vn 0.09111 -0.25382 -0.96295
vn 0.07714 -0.26824 -0.96026
vn 0.06045 -0.27963 -0.9582
vn 0.04168 -0.28787 -0.95676
vn 0.02149 -0.29286 -0.95591
vn 0.00057 -0.29452 -0.95564
vn -0.02035 -0.29285 -0.95594
vn -0.04057 -0.28785 -0.95682
vn -0.05939 -0.2796 -0.95828
vn -0.07613 -0.26818 -0.96036
vn -0.09016 -0.25373 -0.96306
vn -0.10089 -0.23637 -0.96641
vn -0.10776 -0.21625 -0.97037
vn -0.11025 -0.19349 -0.97489
vn -0.10788 -0.16822 -0.97983
vn -0.10019 -0.14057 -0.98499
vn -0.08676 -0.11064 -0.99007
vn -0.06724 -0.07857 -0.99464
vn -0.043 -0.04624 -0.998
vn -0.01994 -0.01994 -0.9996
vn -0.00514 -0.00481 -0.99998
vn -0.00014 -0.00014 -1
vn 0.00052 -0.00063 -1
vn 0.01202 -0.01355 -0.99984
vn 0.03409 -0.0424 -0.99852
vn 0.05576 -0.07573 -0.99557
vn 0.0715 -0.10684 -0.9917
vn 0.08165 -0.13555 -0.9874
vn 0.08661 -0.16172 -0.98303
vn 0.08684 -0.1852 -0.97886
vn 0.0828 -0.20589 -0.97507
vn 0.07504 -0.22366 -0.97177
vn 0.06409 -0.2384 -0.96905
vn 0.05055 -0.25001 -0.96692
vn 0.03501 -0.25837 -0.96541
vn 0.01814 -0.26342 -0.96451
vn 0.00058 -0.26511 -0.96422
vn -0.01699 -0.26341 -0.96454
vn -0.03389 -0.25834 -0.96546
vn -0.04946 -0.24996 -0.96699
vn -0.06305 -0.23833 -0.96914
vn -0.07405 -0.22356 -0.97187
vn -0.08187 -0.20575 -0.97517
vn -0.08595 -0.18503 -0.97897
vn -0.08579 -0.1615 -0.98314
vn -0.08088 -0.1353 -0.9875
vn -0.07078 -0.10655 -0.99178
vn -0.05509 -0.07541 -0.99563
vn -0.03586 -0.04443 -0.99837
vn -0.0169 -0.02001 -0.99966
vn -0.00481 -0.00514 -0.99998
vn -0.00025 -0.00025 -1
vn 0.00014 -0.00028 -1
vn 0.00771 -0.00968 -0.99992
vn 0.02334 -0.03378 -0.99916
vn 0.04104 -0.06516 -0.99703
vn 0.05372 -0.09486 -0.99404
vn 0.06136 -0.12192 -0.99064
vn 0.06439 -0.14617 -0.98716
vn 0.06328 -0.16749 -0.98384
vn 0.05856 -0.18576 -0.98085
vn 0.05075 -0.20087 -0.9783
vn 0.04045 -0.21274 -0.97627
vn 0.02823 -0.22127 -0.9748
vn 0.01474 -0.22642 -0.97392
vn 0.00059 -0.22813 -0.97363
vn -0.01357 -0.2264 -0.97394
vn -0.02709 -0.22124 -0.97484
vn -0.03933 -0.21268 -0.97633
vn -0.04968 -0.20079 -0.97837
vn -0.05753 -0.18565 -0.98093
vn -0.0623 -0.16735 -0.98393
vn -0.06346 -0.146 -0.98725
vn -0.06048 -0.12172 -0.99072
vn -0.05289 -0.09464 -0.99411
vn -0.04066 -0.0653 -0.99704
vn -0.026 -0.03764 -0.99895
vn -0.01183 -0.0169 -0.99979
vn -0.00361 -0.00402 -0.99999
vn -0.00014 -0.00014 -1
vn 0.00299 -0.00458 -0.99999
vn 0.01253 -0.02072 -0.99971
vn 0.02501 -0.04652 -0.9986
vn 0.03531 -0.07413 -0.99662
vn 0.04126 -0.09907 -0.99423
vn 0.0432 -0.12098 -0.99171
vn 0.04163 -0.13975 -0.98931
vn 0.03708 -0.15525 -0.98718
vn 0.03012 -0.16741 -0.98543
vn 0.02131 -0.17615 -0.98413
vn 0.01127 -0.18141 -0.98334
vn 0.0006 -0.18316 -0.98308
vn -0.01008 -0.18139 -0.98336
vn -0.02014 -0.17611 -0.98416
vn -0.02897 -0.16735 -0.98547
vn -0.03597 -0.15518 -0.98723
vn -0.04056 -0.13965 -0.98937
vn -0.04218 -0.12086 -0.99177
vn -0.04029 -0.09892 -0.99428
vn -0.03449 -0.07406 -0.99666
vn -0.02615 -0.04853 -0.99848
vn -0.01509 -0.02732 -0.99951
vn -0.00647 -0.01122 -0.99992
vn 0.00047 -0.00093 -1
vn 0.00415 -0.00803 -0.99996
vn 0.01083 -0.02366 -0.99966
vn 0.01793 -0.04463 -0.99884
vn 0.0226 -0.06626 -0.99755
vn 0.02428 -0.08545 -0.99605
vn 0.02308 -0.10131 -0.99459
vn 0.01954 -0.11374 -0.99332
vn 0.01423 -0.12267 -0.99235
vn 0.00772 -0.12804 -0.99174
vn 0.00061 -0.12983 -0.99154
vn -0.00651 -0.12803 -0.99175
vn -0.01304 -0.12264 -0.99237
vn -0.01837 -0.11369 -0.99335
vn -0.02194 -0.10124 -0.99462
vn -0.02318 -0.08537 -0.99608
vn -0.02194 -0.06655 -0.99754
vn -0.01854 -0.04691 -0.99873
vn -0.01218 -0.02964 -0.99949
vn -0.00627 -0.01511 -0.99987
vn -0.00304 -0.00444 -0.99999
vn 0.00111 -0.00223 -1
vn 0.00463 -0.01245 -0.99991
vn 0.00836 -0.03055 -0.9995
vn 0.01195 -0.05025 -0.99867
vn 0.01343 -0.0674 -0.99764
vn 0.01254 -0.08112 -0.99663
vn 0.00983 -0.09134 -0.99577
vn 0.00587 -0.09798 -0.99517
vn 0.00122 -0.101 -0.99489
vn -0.00354 -0.1004 -0.99494
vn -0.0078 -0.09616 -0.99534
vn -0.01101 -0.08833 -0.99603
vn -0.01259 -0.07693 -0.99696
vn -0.01199 -0.06206 -0.998
vn -0.00944 -0.04379 -0.999
vn -0.00691 -0.02378 -0.99969
vn -0.00456 -0.0079 -0.99996
vn -0.00111 -0.00111 -1
usemtl mat0
f 1//1 2//1 3//1
f 2//1 1//1 4//1
f 5//1 4//1 1//1
f 4//1 5//1 6//1
f 7//1 6//1 5//1
f 6//1 7//1 8//1
f 9//1 8//1 7//1
f 8//1 9//1 10//1
f 11//1 10//1 9//1
f 10//1 11//1 12//1
f 13//1 12//1 11//1
f 12//1 13//1 14//1
f 15//1 14//1 13//1
f 14//1 15//1 16//1
f 17//1 16//1 15//1
f 16//1 17//1 18//1
f 19//1 18//1 17//1
f 18//1 19//1 20//1
f 21//1 20//1 19//1
f 20//1 21//1 22//1
f 23//1 22//1 21//1
f 22//1 23//1 24//1
f 25//1 24//1 23//1
f 24//1 25//1 26//1
f 27//2 26//1 25//1
f 26//1 27//2 28//1
f 29//3 28//1 27//2
f 28//1 29//3 30//1
f 31//4 30//1 29//3
f 30//1 31//4 32//1
f 33//5 32//1 31//4
f 32//1 33//5 34//1
f 35//6 34//1 33//5
f 34//1 35//6 36//1
f 37//7 36//1 35//6
f 36//1 37//7 38//1
f 39//8 38//1 37//7
f 38//1 39//8 40//1
f 41//9 40//1 39//8
f 40//1 41//9 42//1
f 43//10 42//1 41//9
f 42//1 43//10 44//1
f 45//11 44//1 43//10
f 44//1 45//11 46//1
f 47//12 46//1 45//11
f 46//1 47//12 48//1
f 49//13 48//1 47//12
f 48//1 49//13 50//1
f 51//14 50//1 49//13
f 50//1 51//14 52//1
f 53//15 52//1 51//14
f 52//1 53//15 54//1
f 55//1 54//1 53//15
f 54//1 55//1 56//1
f 57//1 56//1 55//1
f 56//1 57//1 58//1
f 59//1 58//1 57//1
f 58//1 59//1 60//1
f 61//1 60//1 59//1
f 60//1 61//1 62//1
f 63//1 62//1 61//1
f 62//1 63//1 64//1
f 65//1 64//1 63//1
f 64//1 65//1 66//1
f 67//1 66//1 65//1
f 66//1 67//1 68//1
f 69//1 68//1 67//1
f 68//1 69//1 70//1
f 71//1 70//1 69//1
f 70//1 71//1 72//1
f 73//1 72//1 71//1
f 72//1 73//1 74//1
f 75//1 74//1 73//1
f 74//1 75//1 76//1
f 77//1 76//1 75//1
f 76//1 77//1 78//1
f 79//1 78//1 77//1
f 78//1 79//1 80//1
f 81//1 80//1 79//1
f 80//1 81//1 82//1
f 83//1 3//1 84//1
f 3//1 83//1 1//1
f 85//1 1//1 83//1
f 1//1 85//1 5//1
f 86//1 5//1 85//1
f 5//1 86//1 7//1
f 87//1 7//1 86//1
f 7//1 87//1 9//1
f 88//1 9//1 87//1
f 9//1 88//1 11//1
f 89//1 11//1 88//1
f 11//1 89//1 13//1
f 90//1 13//1 89//1
f 13//1 90//1 15//1
f 91//1 15//1 90//1
f 15//1 91//1 17//1
f 92//1 17//1 91//1
f 17//1 92//1 19//1
f 93//1 19//1 92//1
f 19//1 93//1 21//1
f 94//16 21//1 93//1
f 21//1 94//16 23//1
f 95//17 23//1 94//16
f 23//1 95//17 25//1
f 96//18 25//1 95//17
f 25//1 96//18 27//2
f 97//19 27//2 96//18
f 27//2 97//19 29//3
f 98//20 29//3 97//19
f 29//3 98//20 31//4
f 99//21 31//4 98//20
f 31//4 99//21 33//5
f 100//22 33//5 99//21
f 33//5 100//22 35//6
f 101//23 35//6 100//22
f 35//6 101//23 37//7
f 102//24 37//7 101//23
f 37//7 102//24 39//8
f 103//25 39//8 102//24
f 39//8 103//25 41//9
f 104//26 41//9 103//25
f 41//9 104//26 43//10
f 105//27 43//10 104//26
f 43//10 105//27 45//11
f 106//28 45//11 105//27
f 45//11 106//28 47//12
f 107//29 47//12 106//28
f 47//12 107//29 49//13
f 108//30 49//13 107//29
f 49//13 108//30 51//14
f 109//31 51//14 108//30
f 51//14 109//31 53//15
f 110//32 53//15 109//31
f 53//15 110//32 55//1
f 111//33 55//1 110//32
f 55//1 111//33 57//1
f 112//1 57//1 111//33
f 57//1 112//1 59//1
f 113//1 59//1 112//1
f 59//1 113//1 61//1
f 114//1 61//1 113//1
f 61//1 114//1 63//1
f 115//1 63//1 114//1
f 63//1 115//1 65//1
f 116//1 65//1 115//1
f 65//1 116//1 67//1
f 117//1 67//1 116//1
f 67//1 117//1 69//1
f 118//1 69//1 117//1
f 69//1 118//1 71//1
f 119//1 71//1 118//1
f 71//1 119//1 73//1
f 120//1 73//1 119//1
f 73//1 120//1 75//1
f 121//1 75//1 120//1
f 75//1 121//1 77//1
f 122//1 77//1 121//1
f 77//1 122//1 79//1
f 123//1 79//1 122//1
f 79//1 123//1 81//1
f 124//1 84//1 125//1
f 84//1 124//1 83//1
f 126//1 83//1 124//1
f 83//1 126//1 85//1
f 127//1 85//1 126//1
f 85//1 127//1 86//1
f 128//1 86//1 127//1
f 86//1 128//1 87//1
f 129//1 87//1 128//1
f 87//1 129//1 88//1
f 130//1 88//1 129//1
f 88//1 130//1 89//1
f 131//1 89//1 130//1
f 89//1 131//1 90//1
f 132//1 90//1 131//1
f 90//1 132//1 91//1
f 133//34 91//1 132//1
f 91//1 133//34 92//1
f 134//35 92//1 133//34
f 92//1 134//35 93//1
f 135//36 93//1 134//35
f 93//1 135//36 94//16
f 136//37 94//16 135//36
f 94//16 136//37 95//17
f 137//38 95//17 136//37
f 95//17 137//38 96//18
f 138//39 96//18 137//38
f 96//18 138//39 97//19
f 139//40 97//19 138//39
f 97//19 139//40 98//20
f 140//41 98//20 139//40
f 98//20 140//41 99//21
f 141//42 99//21 140//41
f 99//21 141//42 100//22
f 142//43 100//22 141//42
f 100//22 142//43 101//23
f 143//44 101//23 142//43
f 101//23 143//44 102//24
f 144//45 102//24 143//44
f 102//24 144//45 103//25
f 145//46 103//25 144//45
f 103//25 145//46 104//26
f 146//47 104//26 145//46
f 104//26 146//47 105//27
f 147//48 105//27 146//47
f 105//27 147//48 106//28
f 148//49 106//28 147//48
f 106//28 148//49 107//29
f 149//50 107//29 148//49
f 107//29 149//50 108//30
f 150//51 108//30 149//50
f 108//30 150//51 109//31
f 151//52 109//31 150//51
f 109//31 151//52 110//32
f 152//53 110//32 151//52
f 110//32 152//53 111//33
f 153//54 111//33 152//53
f 111//33 153//54 112//1
f 154//55 112//1 153//54
f 112//1 154//55 113//1
f 155//1 113//1 154//55
f 113//1 155//1 114//1
f 156//1 114//1 155//1
f 114//1 156//1 115//1
f 157//1 115//1 156//1
f 115//1 157//1 116//1
f 158//1 116//1 157//1
f 116//1 158//1 117//1
f 159//1 117//1 158//1
f 117//1 159//1 118//1
f 160//1 118//1 159//1
f 118//1 160//1 119//1
f 161//1 119//1 160//1
f 119//1 161//1 120//1
f 162//1 120//1 161//1
f 120//1 162//1 121//1
f 163//1 121//1 162//1
f 121//1 163//1 122//1
f 164//1 122//1 163//1
f 122//1 164//1 123//1
f 165//1 125//1 166//1
f 125//1 165//1 124//1
f 167//1 124//1 165//1
f 124//1 167//1 126//1
f 168//1 126//1 167//1
f 126//1 168//1 127//1
f 169//1 127//1 168//1
f 127//1 169//1 128//1
f 170//1 128//1 169//1
f 128//1 170//1 129//1
f 171//1 129//1 170//1
f 129//1 171//1 130//1
f 172//1 130//1 171//1
f 130//1 172//1 131//1
f 173//56 131//1 172//1
f 131//1 173//56 132//1
f 174//57 132//1 173//56
f 132//1 174//57 133//34
f 175//58 133//34 174//57
f 133//34 175//58 134//35
f 176//59 134//35 175//58
f 134//35 176//59 135//36
f 177//60 135//36 176//59
f 135//36 177//60 136//37
f 178//61 136//37 177//60
f 136//37 178//61 137//38
f 179//62 137//38 178//61
f 137//38 179//62 138//39
f 180//63 138//39 179//62
f 138//39 180//63 139//40
f 181//64 139//40 180//63
f 139//40 181//64 140//41
f 182//65 140//41 181//64
f 140//41 182//65 141//42
f 183//66 141//42 182//65
f 141//42 183//66 142//43
f 184//67 142//43 183//66
f 142//43 184//67 143//44
f 185//68 143//44 184//67
f 143//44 185//68 144//45
f 186//69 144//45 185//68
f 144//45 186//69 145//46
f 187//70 145//46 186//69
f 145//46 187//70 146//47
f 188//71 146//47 187//70
f 146//47 188//71 147//48
f 189//72 147//48 188//71
f 147//48 189//72 148//49
f 190//73 148//49 189//72
f 148//49 190//73 149//50
f 191//74 149//50 190//73
f 149//50 191//74 150//51
f 192//75 150//51 191//74
f 150//51 192//75 151//52
f 193//76 151//52 192//75
f 151//52 193//76 152//53
f 194//77 152//53 193//76
f 152//53 194//77 153//54
f 195//78 153//54 194//77
f 153//54 195//78 154//55
f 196//79 154//55 195//78
f 154//55 196//79 155//1
f 197//1 155//1 196//79
f 155//1 197//1 156//1
f 198//1 156//1 197//1
f 156//1 198//1 157//1
f 199//1 157//1 198//1
f 157//1 199//1 158//1
f 200//1 158//1 199//1
f 158//1 200//1 159//1
f 201//1 159//1 200//1
f 159//1 201//1 160//1
f 202//1 160//1 201//1
f 160//1 202//1 161//1
f 203//1 161//1 202//1
f 161//1 203//1 162//1
f 204//1 162//1 203//1
f 162//1 204//1 163//1
f 205//1 163//1 204//1
f 163//1 205//1 164//1
f 206//1 166//1 207//1
f 166//1 206//1 165//1
f 208//1 165//1 206//1
f 165//1 208//1 167//1
f 209//1 167//1 208//1
f 167//1 209//1 168//1
f 210//1 168//1 209//1
f 168//1 210//1 169//1
f 211//1 169//1 210//1
f 169//1 211//1 170//1
f 212//80 170//1 211//1
f 170//1 212//80 171//1
f 213//81 171//1 212//80
f 171//1 213//81 172//1
f 214//82 172//1 213//81
f 172//1 214//82 173//56
f 215//83 173//56 214//82
f 173//56 215//83 174//57
f 216//84 174//57 215//83
f 174//57 216//84 175//58
f 217//85 175//58 216//84
f 175//58 217//85 176//59
f 218//86 176//59 217//85
f 176//59 218//86 177//60
f 219//87 177//60 218//86
f 177//60 219//87 178//61
f 220//88 178//61 219//87
f 178//61 220//88 179//62
f 221//89 179//62 220//88
f 179//62 221//89 180//63
f 222//90 180//63 221//89
f 180//63 222//90 181//64
f 223//91 181//64 222//90
f 181//64 223//91 182//65
f 224//92 182//65 223//91
f 182//65 224//92 183//66
f 225//93 183//66 224//92
f 183//66 225//93 184//67
f 226//94 184//67 225//93
f 184//67 226//94 185//68
f 227//95 185//68 226//94
f 185//68 227//95 186//69
f 228//96 186//69 227//95
f 186//69 228//96 187//70
f 229//97 187//70 228//96
f 187//70 229//97 188//71
f 230//98 188//71 229//97
f 188//71 230//98 189//72
f 231//99 189//72 230//98
f 189//72 231//99 190//73
f 232//100 190//73 231//99
f 190//73 232//100 191//74
f 233//101 191//74 232//100
f 191//74 233//101 192//75
f 234//102 192//75 233//101
f 192//75 234//102 193//76
f 235//103 193//76 234//102
f 193//76 235//103 194//77
f 236//104 194//77 235//103
f 194//77 236//104 195//78
f 237//105 195//78 236//104
f 195//78 237//105 196//79
f 238//106 196//79 237//105
f 196//79 238//106 197//1
f 239//107 197//1 238//106
f 197//1 239//107 198//1
f 240//1 198//1 239//107
f 198//1 240//1 199//1
f 241//1 199//1 240//1
f 199//1 241//1 200//1
f 242//1 200//1 241//1
f 200//1 242//1 201//1
f 243//1 201//1 242//1
f 201//1 243//1 202//1
f 244//1 202//1 243//1
f 202//1 244//1 203//1
f 245//1 203//1 244//1
f 203//1 245//1 204//1
f 246//1 204//1 245//1
f 204//1 246//1 205//1
f 247//1 207//1 248//1
f 207//1 247//1 206//1
f 249//1 206//1 247//1
f 206//1 249//1 208//1
f 250//1 208//1 249//1
f 208//1 250//1 209//1
f 251//1 209//1 250//1
f 209//1 251//1 210//1
f 252//108 210//1 251//1
f 210//1 252//108 211//1
f 253//109 211//1 252//108
f 211//1 253//109 212//80
f 254//110 212//80 253//109
f 212//80 254//110 213//81
f 255//111 213//81 254//110
f 213//81 255//111 214//82
f 256//112 214//82 255//111
f 214//82 256//112 215//83
f 257//113 215//83 256//112
f 215//83 257//113 216//84
f 258//114 216//84 257//113
f 216//84 258//114 217//85
f 259//115 217//85 258//114
f 217//85 259//115 218//86
f 260//116 218//86 259//115
f 218//86 260//116 219//87
f 261//117 219//87 260//116
f 219//87 261//117 220//88
f 262//118 220//88 261//117
f 220//88 262//118 221//89
f 263//119 221//89 262//118
f 221//89 263//119 222//90
f 264//120 222//90 263//119
f 222//90 264//120 223//91
f 265//121 223//91 264//120
f 223//91 265//121 224//92
f 266//122 224//92 265//121
f 224//92 266//122 225//93
f 267//123 225//93 266//122
f 225//93 267//123 226//94
f 268//124 226//94 267//123
f 226//94 268//124 227//95
f 269//125 227//95 268//124
f 227//95 269//125 228//96
f 270//126 228//96 269//125
f 228//96 270//126 229//97
f 271//127 229//97 270//126
f 229//97 271//127 230//98
f 272//128 230//98 271//127
f 230//98 272//128 231//99
f 273//129 231//99 272//128
f 231//99 273//129 232//100
f 274//130 232//100 273//129
f 232//100 274//130 233//101
f 275//131 233//101 274//130
f 233//101 275//131 234//102
f 276//132 234//102 275//131
f 234//102 276//132 235//103
f 277//133 235//103 276//132
f 235//103 277//133 236//104
f 278//134 236//104 277//133
f 236//104 278//134 237//105
f 279//135 237//105 278//134
f 237//105 279//135 238//106
f 280//136 238//106 279//135
f 238//106 280//136 239//107
f 281//137 239//107 280//136
f 239//107 281//137 240//1
f 282//1 240//1 281//137
f 240//1 282//1 241//1
f 283//1 241//1 282//1
f 241//1 283//1 242//1
f 284//1 242//1 283//1
f 242//1 284//1 243//1
f 285//1 243//1 284//1
f 243//1 285//1 244//1
f 286//1 244//1 285//1
f 244//1 286//1 245//1
f 287//1 245//1 286//1
f 245//1 287//1 246//1
f 288//1 248//1 289//1
f 248//1 288//1 247//1
f 290//1 247//1 288//1
f 247//1 290//1 249//1
f 291//1 249//1 290//1
f 249//1 291//1 250//1
f 292//80 250//1 291//1
f 250//1 292//80 251//1
f 293//138 251//1 292//80
f 251//1 293//138 252//108
f 294//139 252//108 293//138
f 252//108 294//139 253//109
f 295//140 253//109 294//139
f 253//109 295//140 254//110
f 296//141 254//110 295//140
f 254//110 296//141 255//111
f 297//142 255//111 296//141
f 255//111 297//142 256//112
f 298//143 256//112 297//142
f 256//112 298//143 257//113
f 299//144 257//113 298//143
f 257//113 299//144 258//114
f 300//145 258//114 299//144
f 258//114 300//145 259//115
f 301//146 259//115 300//145
f 259//115 301//146 260//116
f 302//147 260//116 301//146
f 260//116 302//147 261//117
f 303//148 261//117 302//147
f 261//117 303//148 262//118
f 304//149 262//118 303//148
f 262//118 304//149 263//119
f 305//150 263//119 304//149
f 263//119 305//150 264//120
f 306//151 264//120 305//150
f 264//120 306//151 265//121
f 307//152 265//121 306//151
f 265//121 307//152 266//122
f 308//153 266//122 307//152
f 266//122 308//153 267//123
f 309//154 267//123 308//153
f 267//123 309//154 268//124
f 310//155 268//124 309//154
f 268//124 310//155 269//125
f 311//156 269//125 310//155
f 269//125 311//156 270//126
f 312//157 270//126 311//156
f 270//126 312//157 271//127
f 313//158 271//127 312//157
f 271//127 313//158 272//128
f 314//159 272//128 313//158
f 272//128 314//159 273//129
f 315//160 273//129 314//159
f 273//129 315//160 274//130
f 316//161 274//130 315//160
f 274//130 316//161 275//131
f 317//162 275//131 316//161
f 275//131 317//162 276//132
f 318//163 276//132 317//162
f 276//132 318//163 277//133
f 319//164 277//133 318//163
f 277//133 319//164 278//134
f 320//165 278//134 319//164
f 278//134 320//165 279//135
f 321//166 279//135 320//165
f 279//135 321//166 280//136
f 322//167 280//136 321//166
f 280//136 322//167 281//137
f 323//168 281//137 322//167
f 281//137 323//168 282//1
f 324//1 282//1 323//168
f 282//1 324//1 283//1
f 325//1 283//1 324//1
f 283//1 325//1 284//1
f 326//1 284//1 325//1
f 284//1 326//1 285//1
f 327//1 285//1 326//1
f 285//1 327//1 286//1
f 328//1 286//1 327//1
f 286//1 328//1 287//1
f 329//1 289//1 330//1
f 289//1 329//1 288//1
f 331//1 288//1 329//1
f 288//1 331//1 290//1
f 332//1 290//1 331//1
f 290//1 332//1 291//1
f 333//169 291//1 332//1
f 291//1 333//169 292//80
f 334//170 292//80 333//169
f 292//80 334//170 293//138
f 335//171 293//138 334//170
f 293//138 335//171 294//139
f 336//172 294//139 335//171
f 294//139 336//172 295//140
f 337//173 295//140 336//172
f 295//140 337//173 296//141
f 338//174 296//141 337//173
f 296//141 338//174 297//142
f 339//175 297//142 338//174
f 297//142 339//175 298//143
f 340//176 298//143 339//175
f 298//143 340//176 299//144
f 341//177 299//144 340//176
f 299//144 341//177 300//145
f 342//178 300//145 341//177
f 300//145 342//178 301//146
f 343//179 301//146 342//178
f 301//146 343//179 302//147
f 344//180 302//147 343//179
f 302//147 344//180 303//148
f 345//181 303//148 344//180
f 303//148 345//181 304//149
f 346//182 304//149 345//181
f 304//149 346//182 305//150
f 347//183 305//150 346//182
f 305//150 347//183 306//151
f 348//184 306//151 347//183
f 306//151 348//184 307//152
f 349//185 307//152 348//184
f 307//152 349//185 308//153
f 350//186 308//153 349//185
f 308//153 350//186 309//154
f 351//187 309//154 350//186
f 309//154 351//187 310//155
f 352//188 310//155 351//187
f 310//155 352//188 311//156
f 353//189 311//156 352//188
f 311//156 353//189 312//157
f 354//190 312//157 353//189
f 312//157 354//190 313//158
f 355//191 313//158 354//190
f 313//158 355//191 314//159
f 356//192 314//159 355//191
f 314//159 356//192 315//160
f 357//193 315//160 356//192
f 315//160 357//193 316//161
f 358//194 316//161 357//193
f 316//161 358//194 317//162
f 359//195 317//162 358//194
f 317//162 359//195 318//163
f 360//196 318//163 359//195
f 318//163 360//196 319//164
f 361//197 319//164 360//196
f 319//164 361//197 320//165
f 362//198 320//165 361//197
f 320//165 362//198 321//166
f 363//199 321//166 362//198
f 321//166 363//199 322//167
f 364//200 322//167 363//199
f 322//167 364//200 323//168
f 365//201 323//168 364//200
f 323//168 365//201 324//1
f 366//1 324//1 365//201
f 324//1 366//1 325//1
f 367//1 325//1 366//1
f 325//1 367//1 326//1
f 368//1 326//1 367//1
f 326//1 368//1 327//1
f 369//1 327//1 368//1
f 327//1 369//1 328//1
f 370//1 330//1 371//1
f 330//1 370//1 329//1
f 372//1 329//1 370//1
f 329//1 372//1 331//1
f 373//56 331//1 372//1
f 331//1 373//56 332//1
f 374//202 332//1 373//56
f 332//1 374//202 333//169
f 375//203 333//169 374//202
f 333//169 375//203 334//170
f 376//204 334//170 375//203
f 334//170 376//204 335//171
f 377//205 335//171 376//204
f 335//171 377//205 336//172
f 378//206 336//172 377//205
f 336//172 378//206 337//173
f 379//207 337//173 378//206
f 337//173 379//207 338//174
f 380//208 338//174 379//207
f 338//174 380//208 339//175
f 381//209 339//175 380//208
f 339//175 381//209 340//176
f 382//210 340//176 381//209
f 340//176 382//210 341//177
f 383//211 341//177 382//210
f 341//177 383//211 342//178
f 384//212 342//178 383//211
f 342//178 384//212 343//179
f 385//213 343//179 384//212
f 343//179 385//213 344//180
f 386//214 344//180 385//213
f 344//180 386//214 345//181
f 387//215 345//181 386//214
f 345//181 387//215 346//182
f 388//216 346//182 387//215
f 346//182 388//216 347//183
f 389//217 347//183 388//216
f 347//183 389//217 348//184
f 390//218 348//184 389//217
f 348//184 390//218 349//185
f 391//219 349//185 390//218
f 349//185 391//219 350//186
f 392//220 350//186 391//219
f 350//186 392//220 351//187
f 393//221 351//187 392//220
f 351//187 393//221 352//188
f 394//222 352//188 393//221
f 352//188 394//222 353//189
f 395//223 353//189 394//222
f 353//189 395//223 354//190
f 396//224 354//190 395//223
f 354//190 396//224 355//191
f 397//225 355//191 396//224
f 355//191 397//225 356//192
f 398//226 356//192 397//225
f 356//192 398//226 357//193
f 399//227 357//193 398//226
f 357//193 399//227 358//194
f 400//228 358//194 399//227
f 358//194 400//228 359//195
f 401//229 359//195 400//228
f 359//195 401//229 360//196
f 402//230 360//196 401//229
f 360//196 402//230 361//197
f 403//231 361//197 402//230
f 361//197 403//231 362//198
f 404//232 362//198 403//231
f 362//198 404//232 363//199
f 405//233 363//199 404//232
f 363//199 405//233 364//200
f 406//234 364//200 405//233
f 364//200 406//234 365//201
f 407//1 365//201 406//234
f 365//201 407//1 366//1
f 408//1 366//1 407//1
f 366//1 408//1 367//1
f 409//1 367//1 408//1
f 367//1 409//1 368//1
f 410//1 368//1 409//1
f 368//1 410//1 369//1
f 411//1 371//1 412//1
f 371//1 411//1 370//1
f 413//34 370//1 411//1
f 370//1 413//34 372//1
f 414//235 372//1 413//34
f 372//1 414//235 373//56
f 415//236 373//56 414//235
f 373//56 415//236 374//202
f 416//237 374//202 415//236
f 374//202 416//237 375//203
f 417//238 375//203 416//237
f 375//203 417//238 376//204
f 418//239 376//204 417//238
f 376//204 418//239 377//205
f 419//240 377//205 418//239
f 377//205 419//240 378//206
f 420//241 378//206 419//240
f 378//206 420//241 379//207
f 421//242 379//207 420//241
f 379//207 421//242 380//208
f 422//243 380//208 421//242
f 380//208 422//243 381//209
f 423//244 381//209 422//243
f 381//209 423//244 382//210
f 424//245 382//210 423//244
f 382//210 424//245 383//211
f 425//246 383//211 424//245
f 383//211 425//246 384//212
f 426//247 384//212 425//246
f 384//212 426//247 385//213
f 427//248 385//213 426//247
f 385//213 427//248 386//214
f 428//249 386//214 427//248
f 386//214 428//249 387//215
f 429//250 387//215 428//249
f 387//215 429//250 388//216
f 430//251 388//216 429//250
f 388//216 430//251 389//217
f 431//252 389//217 430//251
f 389//217 431//252 390//218
f 432//253 390//218 431//252
f 390//218 432//253 391//219
f 433//254 391//219 432//253
f 391//219 433//254 392//220
f 434//255 392//220 433//254
f 392//220 434//255 393//221
f 435//256 393//221 434//255
f 393//221 435//256 394//222
f 436//257 394//222 435//256
f 394//222 436//257 395//223
f 437//258 395//223 436//257
f 395//223 437//258 396//224
f 438//259 396//224 437//258
f 396//224 438//259 397//225
f 439//260 397//225 438//259
f 397//225 439//260 398//226
f 440//261 398//226 439//260
f 398//226 440//261 399//227
f 441//262 399//227 440//261
f 399//227 441//262 400//228
f 442//263 400//228 441//262
f 400//228 442//263 401//229
f 443//264 401//229 442//263
f 401//229 443//264 402//230
f 444//265 402//230 443//264
f 402//230 444//265 403//231
f 445//266 403//231 444//265
f 403//231 445//266 404//232
f 446//267 404//232 445//266
f 404//232 446//267 405//233
f 447//268 405//233 446//267
f 405//233 447//268 406//234
f 448//269 406//234 447//268
f 406//234 448//269 407//1
f 449//1 407//1 448//269
f 407//1 449//1 408//1
f 450//1 408//1 449//1
f 408//1 450//1 409//1
f 451//1 409//1 450//1
f 409//1 451//1 410//1
f 452//1 412//1 453//1
f 412//1 452//1 411//1
f 454//270 411//1 452//1
f 411//1 454//270 413//34
f 455//271 413//34 454//270
f 413//34 455//271 414//235
f 456//272 414//235 455//271
f 414//235 456//272 415//236
f 457//273 415//236 456//272
f 415//236 457//273 416//237
f 458//274 416//237 457//273
f 416//237 458//274 417//238
f 459//275 417//238 458//274
f 417//238 459//275 418//239
f 460//276 418//239 459//275
f 418//239 460//276 419//240
f 461//277 419//240 460//276
f 419//240 461//277 420//241
f 462//278 420//241 461//277
f 420//241 462//278 421//242
f 463//279 421//242 462//278
f 421//242 463//279 422//243
f 464//280 422//243 463//279
f 422//243 464//280 423//244
f 465//281 423//244 464//280
f 423//244 465//281 424//245
f 466//282 424//245 465//281
f 424//245 466//282 425//246
f 467//283 425//246 466//282
f 425//246 467//283 426//247
f 468//284 426//247 467//283
f 426//247 468//284 427//248
f 469//285 427//248 468//284
f 427//248 469//285 428//249
f 470//286 428//249 469//285
f 428//249 470//286 429//250
f 471//287 429//250 470//286
f 429//250 471//287 430//251
f 472//288 430//251 471//287
f 430//251 472//288 431//252
f 473//289 431//252 472//288
f 431//252 473//289 432//253
f 474//290 432//253 473//289
f 432//253 474//290 433//254
f 475//291 433//254 474//290
f 433//254 475//291 434//255
f 476//292 434//255 475//291
f 434//255 476//292 435//256
f 477//293 435//256 476//292
f 435//256 477//293 436//257
f 478//294 436//257 477//293
f 436//257 478//294 437//258
f 479//295 437//258 478//294
f 437//258 479//295 438//259
f 480//296 438//259 479//295
f 438//259 480//296 439//260
f 481//297 439//260 480//296
f 439//260 481//297 440//261
f 482//298 440//261 481//297
f 440//261 482//298 441//262
f 483//299 441//262 482//298
f 441//262 483//299 442//263
f 484//300 442//263 483//299
f 442//263 484//300 443//264
f 485//301 443//264 484//300
f 443//264 485//301 444//265
f 486//302 444//265 485//301
f 444//265 486//302 445//266
f 487//303 445//266 486//302
f 445//266 487//303 446//267
f 488//304 446//267 487//303
f 446//267 488//304 447//268
f 489//305 447//268 488//304
f 447//268 489//305 448//269
f 490//306 448//269 489//305
f 448//269 490//306 449//1
f 491//1 449//1 490//306
f 449//1 491//1 450//1
f 492//1 450//1 491//1
f 450//1 492//1 451//1
f 493//16 453//1 494//1
f 453//1 493//16 452//1
f 495//307 452//1 493//16
f 452//1 495//307 454//270
f 496//308 454//270 495//307
f 454//270 496//308 455//271
f 497//309 455//271 496//308
f 455//271 497//309 456//272
f 498//310 456//272 497//309
f 456//272 498//310 457//273
f 499//311 457//273 498//310
f 457//273 499//311 458//274
f 500//312 458//274 499//311
f 458//274 500//312 459//275
f 501//313 459//275 500//312
f 459//275 501//313 460//276
f 502//314 460//276 501//313
f 460//276 502//314 461//277
f 503//315 461//277 502//314
f 461//277 503//315 462//278
f 504//316 462//278 503//315
f 462//278 504//316 463//279
f 505//317 463//279 504//316
f 463//279 505//317 464//280
f 506//318 464//280 505//317
f 464//280 506//318 465//281
f 507//319 465//281 506//318
f 465//281 507//319 466//282
f 508//320 466//282 507//319
f 466//282 508//320 467//283
f 509//321 467//283 508//320
f 467//283 509//321 468//284
f 510//322 468//284 509//321
f 468//284 510//322 469//285
f 511//323 469//285 510//322
f 469//285 511//323 470//286
f 512//324 470//286 511//323
f 470//286 512//324 471//287
f 513//325 471//287 512//324
f 471//287 513//325 472//288
f 514//326 472//288 513//325
f 472//288 514//326 473//289
f 515//327 473//289 514//326
f 473//289 515//327 474//290
f 516//328 474//290 515//327
f 474//290 516//328 475//291
f 517//329 475//291 516//328
f 475//291 517//329 476//292
f 518//330 476//292 517//329
f 476//292 518//330 477//293
f 519//331 477//293 518//330
f 477//293 519//331 478//294
f 520//332 478//294 519//331
f 478//294 520//332 479//295
f 521//333 479//295 520//332
f 479//295 521//333 480//296
f 522//334 480//296 521//333
f 480//296 522//334 481//297
f 523//335 481//297 522//334
f 481//297 523//335 482//298
f 524//336 482//298 523//335
f 482//298 524//336 483//299
f 525//337 483//299 524//336
f 483//299 525//337 484//300
f 526//338 484//300 525//337
f 484//300 526//338 485//301
f 527//339 485//301 526//338
f 485//301 527//339 486//302
f 528//340 486//302 527//339
f 486//302 528//340 487//303
f 529//341 487//303 528//340
f 487//303 529//341 488//304
f 530//342 488//304 529//341
f 488//304 530//342 489//305
f 531//343 489//305 530//342
f 489//305 531//343 490//306
f 532//1 490//306 531//343
f 490//306 532//1 491//1
f 533//1 491//1 532//1
f 491//1 533//1 492//1
f 534//344 494//1 535//1
f 494//1 534//344 493//16
f 536//345 493//16 534//344
f 493//16 536//345 495//307
f 537//346 495//307 536//345
f 495//307 537//346 496//308
f 538//347 496//308 537//346
f 496//308 538//347 497//309
f 539//348 497//309 538//347
f 497//309 539//348 498//310
f 540//349 498//310 539//348
f 498//310 540//349 499//311
f 541//350 499//311 540//349
f 499//311 541//350 500//312
f 542//351 500//312 541//350
f 500//312 542//351 501//313
f 543//352 501//313 542//351
f 501//313 543//352 502//314
f 544//353 502//314 543//352
f 502//314 544//353 503//315
f 545//354 503//315 544//353
f 503//315 545//354 504//316
f 546//355 504//316 545//354
f 504//316 546//355 505//317
f 547//356 505//317 546//355
f 505//317 547//356 506//318
f 548//357 506//318 547//356
f 506//318 548//357 507//319
f 549//358 507//319 548//357
f 507//319 549//358 508//320
f 550//359 508//320 549//358
f 508//320 550//359 509//321
f 551//360 509//321 550//359
f 509//321 551//360 510//322
f 552//361 510//322 551//360
f 510//322 552//361 511//323
f 553//362 511//323 552//361
f 511//323 553//362 512//324
f 554//363 512//324 553//362
f 512//324 554//363 513//325
f 555//364 513//325 554//363
f 513//325 555//364 514//326
f 556//365 514//326 555//364
f 514//326 556//365 515//327
f 557//366 515//327 556//365
f 515//327 557//366 516//328
f 558//367 516//328 557//366
f 516//328 558//367 517//329
f 559//368 517//329 558//367
f 517//329 559//368 518//330
f 560//369 518//330 559//368
f 518//330 560//369 519//331
f 561//370 519//331 560//369
f 519//331 561//370 520//332
f 562//371 520//332 561//370
f 520//332 562//371 521//333
f 563//372 521//333 562//371
f 521//333 563//372 522//334
f 564//373 522//334 563//372
f 522//334 564//373 523//335
f 565//374 523//335 564//373
f 523//335 565//374 524//336
f 566//375 524//336 565//374
f 524//336 566//375 525//337
f 567//376 525//337 566//375
f 525//337 567//376 526//338
f 568//377 526//338 567//376
f 526//338 568//377 527//339
f 569//378 527//339 568//377
f 527//339 569//378 528//340
f 570//379 528//340 569//378
f 528//340 570//379 529//341
f 571//380 529//341 570//379
f 529//341 571//380 530//342
f 572//381 530//342 571//380
f 530//342 572//381 531//343
f 573//382 531//343 572//381
f 531//343 573//382 532//1
f 574//1 532//1 573//382
f 532//1 574//1 533//1
f 575//383 535//1 576//384
f 535//1 575//383 534//344
f 577//385 534//344 575//383
f 534//344 577//385 536//345
f 578//386 536//345 577//385
f 536//345 578//386 537//346
f 579//387 537//346 578//386
f 537//346 579//387 538//347
f 580//388 538//347 579//387
f 538//347 580//388 539//348
f 581//389 539//348 580//388
f 539//348 581//389 540//349
f 582//390 540//349 581//389
f 540//349 582//390 541//350
f 583//391 541//350 582//390
f 541//350 583//391 542//351
f 584//392 542//351 583//391
f 542//351 584//392 543//352
f 585//393 543//352 584//392
f 543//352 585//393 544//353
f 586//394 544//353 585//393
f 544//353 586//394 545//354
f 587//395 545//354 586//394
f 545//354 587//395 546//355
f 588//396 546//355 587//395
f 546//355 588//396 547//356
f 589//397 547//356 588//396
f 547//356 589//397 548//357
f 590//398 548//357 589//397
f 548//357 590//398 549//358
f 591//399 549//358 590//398
f 549//358 591//399 550//359
f 592//400 550//359 591//399
f 550//359 592//400 551//360
f 593//401 551//360 592//400
f 551//360 593//401 552//361
f 594//402 552//361 593//401
f 552//361 594//402 553//362
f 595//403 553//362 594//402
f 553//362 595//403 554//363
f 596//404 554//363 595//403
f 554//363 596//404 555//364
f 597//405 555//364 596//404
f 555//364 597//405 556//365
f 598//406 556//365 597//405
f 556//365 598//406 557//366
f 599//407 557//366 598//406
f 557//366 599//407 558//367
f 600//408 558//367 599//407
f 558//367 600//408 559//368
f 601//409 559//368 600//408
f 559//368 601//409 560//369
f 602//410 560//369 601//409
f 560//369 602//410 561//370
f 603//411 561//370 602//410
f 561//370 603//411 562//371
f 604//412 562//371 603//411
f 562//371 604//412 563//372
f 605//413 563//372 604//412
f 563//372 605//413 564//373
f 606//414 564//373 605//413
f 564//373 606//414 565//374
f 607//415 565//374 606//414
f 565//374 607//415 566//375
f 608//416 566//375 607//415
f 566//375 608//416 567//376
f 609//417 567//376 608//416
f 567//376 609//417 568//377
f 610//418 568//377 609//417
f 568//377 610//418 569//378
f 611//419 569//378 610//418
f 569//378 611//419 570//379
f 612//420 570//379 611//419
f 570//379 612//420 571//380
f 613//421 571//380 612//420
f 571//380 613//421 572//381
f 614//422 572//381 613//421
f 572//381 614//422 573//382
f 615//1 573//382 614//422
f 573//382 615//1 574//1
f 616//423 576//384 617//424
f 576//384 616//423 575//383
f 618//425 575//383 616//423
f 575//383 618//425 577//385
f 619//426 577//385 618//425
f 577//385 619//426 578//386
f 620//427 578//386 619//426
f 578//386 620//427 579//387
f 621//428 579//387 620//427
f 579//387 621//428 580//388
f 622//429 580//388 621//428
f 580//388 622//429 581//389
f 623//430 581//389 622//429
f 581//389 623//430 582//390
f 624//431 582//390 623//430
f 582//390 624//431 583//391
f 625//432 583//391 624//431
f 583//391 625//432 584//392
f 626//433 584//392 625//432
f 584//392 626//433 585//393
f 627//434 585//393 626//433
f 585//393 627//434 586//394
f 628//435 586//394 627//434
f 586//394 628//435 587//395
f 629//436 587//395 628//435
f 587//395 629//436 588//396
f 630//437 588//396 629//436
f 588//396 630//437 589//397
f 631//438 589//397 630//437
f 589//397 631//438 590//398
f 632//439 590//398 631//438
f 590//398 632//439 591//399
f 633//440 591//399 632//439
f 591//399 633//440 592//400
f 634//441 592//400 633//440
f 592//400 634//441 593//401
f 635//442 593//401 634//441
f 593//401 635//442 594//402
f 636//443 594//402 635//442
f 594//402 636//443 595//403
f 637//444 595//403 636//443
f 595//403 637//444 596//404
f 638//445 596//404 637//444
f 596//404 638//445 597//405
f 639//446 597//405 638//445
f 597//405 639//446 598//406
f 640//447 598//406 639//446
f 598//406 640//447 599//407
f 641//448 599//407 640//447
f 599//407 641//448 600//408
f 642//449 600//408 641//448
f 600//408 642//449 601//409
f 643//450 601//409 642//449
f 601//409 643//450 602//410
f 644//451 602//410 643//450
f 602//410 644//451 603//411
f 645//452 603//411 644//451
f 603//411 645//452 604//412
f 646//453 604//412 645//452
f 604//412 646//453 605//413
f 647//454 605//413 646//453
f 605//413 647//454 606//414
f 648//455 606//414 647//454
f 606//414 648//455 607//415
f 649//456 607//415 648//455
f 607//415 649//456 608//416
f 650//457 608//416 649//456
f 608//416 650//457 609//417
f 651//458 609//417 650//457
f 609//417 651//458 610//418
f 652//459 610//418 651//458
f 610//418 652//459 611//419
f 653//460 611//419 652//459
f 611//419 653//460 612//420
f 654//461 612//420 653//460
f 612//420 654//461 613//421
f 655//462 613//421 654//461
f 613//421 655//462 614//422
f 656//463 614//422 655//462
f 614//422 656//463 615//1
f 657//464 617//424 658//465
f 617//424 657//464 616//423
f 659//466 616//423 657//464
f 616//423 659//466 618//425
f 660//467 618//425 659//466
f 618//425 660//467 619//426
f 661//468 619//426 660//467
f 619//426 661//468 620//427
f 662//469 620//427 661//468
f 620//427 662//469 621//428
f 663//470 621//428 662//469
f 621//428 663//470 622//429
f 664//471 622//429 663//470
f 622//429 664//471 623//430
f 665//472 623//430 664//471
f 623//430 665//472 624//431
f 666//473 624//431 665//472
f 624//431 666//473 625//432
f 667//474 625//432 666//473
f 625//432 667//474 626//433
f 668//475 626//433 667//474
f 626//433 668//475 627//434
f 669//476 627//434 668//475
f 627//434 669//476 628//435
f 670//477 628//435 669//476
f 628//435 670//477 629//436
f 671//478 629//436 670//477
f 629//436 671//478 630//437
f 672//479 630//437 671//478
f 630//437 672//479 631//438
f 673//480 631//438 672//479
f 631//438 673//480 632//439
f 674//481 632//439 673//480
f 632//439 674//481 633//440
f 675//482 633//440 674//481
f 633//440 675//482 634//441
f 676//483 634//441 675//482
f 634//441 676//483 635//442
f 677//484 635//442 676//483
f 635//442 677//484 636//443
f 678//485 636//443 677//484
f 636//443 678//485 637//444
f 679//486 637//444 678//485
f 637//444 679//486 638//445
f 680//487 638//445 679//486
f 638//445 680//487 639//446
f 681//488 639//446 680//487
f 639//446 681//488 640//447
f 682//489 640//447 681//488
f 640//447 682//489 641//448
f 683//490 641//448 682//489
f 641//448 683//490 642//449
f 684//491 642//449 683//490
f 642//449 684//491 643//450
f 685//492 643//450 684//491
f 643//450 685//492 644//451
f 686//493 644//451 685//492
f 644//451 686//493 645//452
f 687//494 645//452 686//493
f 645//452 687//494 646//453
f 688//495 646//453 687//494
f 646//453 688//495 647//454
f 689//496 647//454 688//495
f 647//454 689//496 648//455
f 690//497 648//455 689//496
f 648//455 690//497 649//456
f 691//498 649//456 690//497
f 649//456 691//498 650//457
f 692//499 650//457 691//498
f 650//457 692//499 651//458
f 693//500 651//458 692//499
f 651//458 693//500 652//459
f 694//501 652//459 693//500
f 652//459 694//501 653//460
f 695//502 653//460 694//501
f 653//460 695//502 654//461
f 696//503 654//461 695//502
f 654//461 696//503 655//462
f 697//504 655//462 696//503
f 655//462 697//504 656//463
f 698//505 658//465 699//506
f 658//465 698//505 657//464
f 700//507 657//464 698//505
f 657//464 700//507 659//466
f 701//508 659//466 700//507
f 659//466 701//508 660//467
f 702//509 660//467 701//508
f 660//467 702//509 661//468
f 703//510 661//468 702//509
f 661//468 703//510 662//469
f 704//511 662//469 703//510
f 662//469 704//511 663//470
f 705//512 663//470 704//511
f 663//470 705//512 664//471
f 706//513 664//471 705//512
f 664//471 706//513 665//472
f 707//514 665//472 706//513
f 665//472 707//514 666//473
f 708//515 666//473 707//514
f 666//473 708//515 667//474
f 709//516 667//474 708//515
f 667//474 709//516 668//475
f 710//517 668//475 709//516
f 668//475 710//517 669//476
f 711//518 669//476 710//517
f 669//476 711//518 670//477
f 712//519 670//477 711//518
f 670//477 712//519 671//478
f 713//520 671//478 712//519
f 671//478 713//520 672//479
f 714//521 672//479 713//520
f 672//479 714//521 673//480
f 715//522 673//480 714//521
f 673//480 715//522 674//481
f 716//523 674//481 715//522
f 674//481 716//523 675//482
f 717//524 675//482 716//523
f 675//482 717//524 676//483
f 718//525 676//483 717//524
f 676//483 718//525 677//484
f 719//526 677//484 718//525
f 677//484 719//526 678//485
f 720//527 678//485 719//526
f 678//485 720//527 679//486
f 721//528 679//486 720//527
f 679//486 721//528 680//487
f 722//529 680//487 721//528
f 680//487 722//529 681//488
f 723//530 681//488 722//529
f 681//488 723//530 682//489
f 724//531 682//489 723//530
f 682//489 724//531 683//490
f 725//532 683//490 724//531
f 683//490 725//532 684//491
f 726//533 684//491 725//532
f 684//491 726//533 685//492
f 727//534 685//492 726//533
f 685//492 727//534 686//493
f 728//535 686//493 727//534
f 686//493 728//535 687//494
f 729//536 687//494 728//535
f 687//494 729//536 688//495
f 730//537 688//495 729//536
f 688//495 730//537 689//496
f 731//538 689//496 730//537
f 689//496 731//538 690//497
f 732//539 690//497 731//538
f 690//497 732//539 691//498
f 733//540 691//498 732//539
f 691//498 733//540 692//499
f 734//541 692//499 733//540
f 692//499 734//541 693//500
f 735//542 693//500 734//541
f 693//500 735//542 694//501
f 736//543 694//501 735//542
f 694//501 736//543 695//502
f 737//544 695//502 736//543
f 695//502 737//544 696//503
f 738//545 696//503 737//544
f 696//503 738//545 697//504
f 739//546 699//506 740//547
f 699//506 739//546 698//505
f 741//548 698//505 739//546
f 698//505 741//548 700//507
f 742//549 700//507 741//548
f 700//507 742//549 701//508
f 743//550 701//508 742//549
f 701//508 743//550 702//509
f 744//551 702//509 743//550
f 702//509 744//551 703//510
f 745//552 703//510 744//551
f 703//510 745//552 704//511
f 746//553 704//511 745//552
f 704//511 746//553 705//512
f 747//554 705//512 746//553
f 705//512 747//554 706//513
f 748//555 706//513 747//554
f 706//513 748//555 707//514
f 749//556 707//514 748//555
f 707//514 749//556 708//515
f 750//557 708//515 749//556
f 708//515 750//557 709//516
f 751//558 709//516 750//557
f 709//516 751//558 710//517
f 752//559 710//517 751//558
f 710//517 752//559 711//518
f 753//560 711//518 752//559
f 711//518 753//560 712//519
f 754//561 712//519 753//560
f 712//519 754//561 713//520
f 755//562 713//520 754//561
f 713//520 755//562 714//521
f 756//563 714//521 755//562
f 714//521 756//563 715//522
f 757//564 715//522 756//563
f 715//522 757//564 716//523
f 758//565 716//523 757//564
f 716//523 758//565 717//524
f 759//566 717//524 758//565
f 717//524 759//566 718//525
f 760//567 718//525 759//566
f 718//525 760//567 719//526
f 761//568 719//526 760//567
f 719//526 761//568 720//527
f 762//569 720//527 761//568
f 720//527 762//569 721//528
f 763//570 721//528 762//569
f 721//528 763//570 722//529
f 764//571 722//529 763//570
f 722//529 764//571 723//530
f 765//572 723//530 764//571
f 723//530 765//572 724//531
f 766//573 724//531 765//572
f 724//531 766//573 725//532
f 767//574 725//532 766//573
f 725//532 767//574 726//533
f 768//575 726//533 767//574
f 726//533 768//575 727//534
f 769//576 727//534 768//575
f 727//534 769//576 728//535
f 770//577 728//535 769//576
f 728//535 770//577 729//536
f 771//578 729//536 770//577
f 729//536 771//578 730//537
f 772//579 730//537 771//578
f 730//537 772//579 731//538
f 773//580 731//538 772//579
f 731//538 773//580 732//539
f 774//581 732//539 773//580
f 732//539 774//581 733//540
f 775//582 733//540 774//581
f 733//540 775//582 734//541
f 776//583 734//541 775//582
f 734//541 776//583 735//542
f 777//584 735//542 776//583
f 735//542 777//584 736//543
f 778//585 736//543 777//584
f 736//543 778//585 737//544
f 779//586 737//544 778//585
f 737//544 779//586 738//545
f 780//587 740//547 781//588
f 740//547 780//587 739//546
f 782//589 739//546 780//587
f 739//546 782//589 741//548
f 783//590 741//548 782//589
f 741//548 783//590 742//549
f 784//591 742//549 783//590
f 742//549 784//591 743//550
f 785//592 743//550 784//591
f 743//550 785//592 744//551
f 786//593 744//551 785//592
f 744//551 786//593 745//552
f 787//594 745//552 786//593
f 745//552 787//594 746//553
f 788//595 746//553 787//594
f 746//553 788//595 747//554
f 789//596 747//554 788//595
f 747//554 789//596 748//555
f 790//597 748//555 789//596
f 748//555 790//597 749//556
f 791//598 749//556 790//597
f 749//556 791//598 750//557
f 792//599 750//557 791//598
f 750//557 792//599 751//558
f 793//600 751//558 792//599
f 751//558 793//600 752//559
f 794//601 752//559 793//600
f 752//559 794//601 753//560
f 795//602 753//560 794//601
f 753//560 795//602 754//561
f 796//603 754//561 795//602
f 754//561 796//603 755//562
f 797//604 755//562 796//603
f 755//562 797//604 756//563
f 798//605 756//563 797//604
f 756//563 798//605 757//564
f 799//606 757//564 798//605
f 757//564 799//606 758//565
f 800//607 758//565 799//606
f 758//565 800//607 759//566
f 801//608 759//566 800//607
f 759//566 801//608 760//567
f 802//609 760//567 801//608
f 760//567 802//609 761//568
f 803//610 761//568 802//609
f 761//568 803//610 762//569
f 804//611 762//569 803//610
f 762//569 804//611 763//570
f 805//612 763//570 804//611
f 763//570 805//612 764//571
f 806//613 764//571 805//612
f 764//571 806//613 765//572
f 807//614 765//572 806//613
f 765//572 807//614 766//573
f 808//615 766//573 807//614
f 766//573 808//615 767//574
f 809//616 767//574 808//615
f 767//574 809//616 768//575
f 810//617 768//575 809//616
f 768//575 810//617 769//576
f 811//618 769//576 810//617
f 769//576 811//618 770//577
f 812//619 770//577 811//618
f 770//577 812//619 771//578
f 813//620 771//578 812//619
f 771//578 813//620 772//579
f 814//621 772//579 813//620
f 772//579 814//621 773//580
f 815//622 773//580 814//621
f 773//580 815//622 774//581
f 816//623 774//581 815//622
f 774//581 816//623 775//582
f 817//624 775//582 816//623
f 775//582 817//624 776//583
f 818//625 776//583 817//624
f 776//583 818//625 777//584
f 819//626 777//584 818//625
f 777//584 819//626 778//585
f 820//627 778//585 819//626
f 778//585 820//627 779//586
f 821//628 781//588 822//629
f 781//588 821//628 780//587
f 823//630 780//587 821//628
f 780//587 823//630 782//589
f 824//631 782//589 823//630
f 782//589 824//631 783//590
f 825//632 783//590 824//631
f 783//590 825//632 784//591
f 826//633 784//591 825//632
f 784//591 826//633 785//592
f 827//634 785//592 826//633
f 785//592 827//634 786//593
f 828//635 786//593 827//634
f 786//593 828//635 787//594
f 829//636 787//594 828//635
f 787//594 829//636 788//595
f 830//637 788//595 829//636
f 788//595 830//637 789//596
f 831//638 789//596 830//637
f 789//596 831//638 790//597
f 832//639 790//597 831//638
f 790//597 832//639 791//598
f 833//640 791//598 832//639
f 791//598 833//640 792//599
f 834//641 792//599 833//640
f 792//599 834//641 793//600
f 835//642 793//600 834//641
f 793//600 835//642 794//601
f 836//643 794//601 835//642
f 794//601 836//643 795//602
f 837//644 795//602 836//643
f 795//602 837//644 796//603
f 838//645 796//603 837//644
f 796//603 838//645 797//604
f 839//646 797//604 838//645
f 797//604 839//646 798//605
f 840//647 798//605 839//646
f 798//605 840//647 799//606
f 841//648 799//606 840//647
f 799//606 841//648 800//607
f 842//649 800//607 841//648
f 800//607 842//649 801//608
f 843//650 801//608 842//649
f 801//608 843//650 802//609
f 844//651 802//609 843//650
f 802//609 844//651 803//610
f 845//652 803//610 844//651
f 803//610 845//652 804//611
f 846//653 804//611 845//652
f 804//611 846//653 805//612
f 847//654 805//612 846//653
f 805//612 847//654 806//613
f 848//655 806//613 847//654
f 806//613 848//655 807//614
f 849//656 807//614 848//655
f 807//614 849//656 808//615
f 850//657 808//615 849//656
f 808//615 850//657 809//616
f 851//658 809//616 850//657
f 809//616 851//658 810//617
f 852//659 810//617 851//658
f 810//617 852//659 811//618
f 853//660 811//618 852//659
f 811//618 853//660 812//619
f 854//661 812//619 853//660
f 812//619 854//661 813//620
f 855//662 813//620 854//661
f 813//620 855//662 814//621
f 856//663 814//621 855//662
f 814//621 856//663 815//622
f 857//664 815//622 856//663
f 815//622 857//664 816//623
f 858//665 816//623 857//664
f 816//623 858//665 817//624
f 859//666 817//624 858//665
f 817//624 859//666 818//625
f 860//667 818//625 859//666
f 818//625 860//667 819//626
f 861//668 819//626 860//667
f 819//626 861//668 820//627
f 862//669 822//629 863//670
f 822//629 862//669 821//628
f 864//671 821//628 862//669
f 821//628 864//671 823//630
f 865//672 823//630 864//671
f 823//630 865//672 824//631
f 866//673 824//631 865//672
f 824//631 866//673 825//632
f 867//674 825//632 866//673
f 825//632 867//674 826//633
f 868//675 826//633 867//674
f 826//633 868//675 827//634
f 869//676 827//634 868//675
f 827//634 869//676 828//635
f 870//677 828//635 869//676
f 828//635 870//677 829//636
f 871//678 829//636 870//677
f 829//636 871//678 830//637
f 872//679 830//637 871//678
f 830//637 872//679 831//638
f 873//680 831//638 872//679
f 831//638 873//680 832//639
f 874//681 832//639 873//680
f 832//639 874//681 833//640
f 875//682 833//640 874//681
f 833//640 875//682 834//641
f 876//683 834//641 875//682
f 834//641 876//683 835//642
f 877//684 835//642 876//683
f 835//642 877//684 836//643
f 878//685 836//643 877//684
f 836//643 878//685 837//644
f 879//686 837//644 878//685
f 837//644 879//686 838//645
f 880//687 838//645 879//686
f 838//645 880//687 839//646
f 881//688 839//646 880//687
f 839//646 881//688 840//647
f 882//689 840//647 881//688
f 840//647 882//689 841//648
f 883//690 841//648 882//689
f 841//648 883//690 842//649
f 884//691 842//649 883//690
f 842//649 884//691 843//650
f 885//692 843//650 884//691
f 843//650 885//692 844//651
f 886//693 844//651 885//692
f 844//651 886//693 845//652
f 887//694 845//652 886//693
f 845//652 887//694 846//653
f 888//695 846//653 887//694
f 846//653 888//695 847//654
f 889//696 847//654 888//695
f 847//654 889//696 848//655
f 890//697 848//655 889//696
f 848//655 890//697 849//656
f 891//698 849//656 890//697
f 849//656 891//698 850//657
f 892//699 850//657 891//698
f 850//657 892//699 851//658
f 893//700 851//658 892//699
f 851//658 893//700 852//659
f 894//701 852//659 893//700
f 852//659 894//701 853//660
f 895//702 853//660 894//701
f 853//660 895//702 854//661
f 896//703 854//661 895//702
f 854//661 896//703 855//662
f 897//704 855//662 896//703
f 855//662 897//704 856//663
f 898//705 856//663 897//704
f 856//663 898//705 857//664
f 899//706 857//664 898//705
f 857//664 899//706 858//665
f 900//707 858//665 899//706
f 858//665 900//707 859//666
f 901//708 859//666 900//707
f 859//666 901//708 860//667
f 902//709 860//667 901//708
f 860//667 902//709 861//668
f 903//710 863//670 904//711
f 863//670 903//710 862//669
f 905//712 862//669 903//710
f 862//669 905//712 864//671
f 906//713 864//671 905//712
f 864//671 906//713 865//672
f 907//714 865//672 906//713
f 865//672 907//714 866//673
f 908//715 866//673 907//714
f 866//673 908//715 867//674
f 909//716 867//674 908//715
f 867//674 909//716 868//675
f 910//717 868//675 909//716
f 868//675 910//717 869//676
f 911//718 869//676 910//717
f 869//676 911//718 870//677
f 912//719 870//677 911//718
f 870//677 912//719 871//678
f 913//720 871//678 912//719
f 871//678 913//720 872//679
f 914//721 872//679 913//720
f 872//679 914//721 873//680
f 915//722 873//680 914//721
f 873//680 915//722 874//681
f 916//723 874//681 915//722
f 874//681 916//723 875//682
f 917//724 875//682 916//723
f 875//682 917//724 876//683
f 918//725 876//683 917//724
f 876//683 918//725 877//684
f 919//726 877//684 918//725
f 877//684 919//726 878//685
f 920//727 878//685 919//726
f 878//685 920//727 879//686
f 921//728 879//686 920//727
f 879//686 921//728 880//687
f 922//729 880//687 921//728
f 880//687 922//729 881//688
f 923//730 881//688 922//729
f 881//688 923//730 882//689
f 924//731 882//689 923//730
f 882//689 924//731 883//690
f 925//732 883//690 924//731
f 883//690 925//732 884//691
f 926//733 884//691 925//732
f 884//691 926//733 885//692
f 927//734 885//692 926//733
f 885//692 927//734 886//693
f 928//735 886//693 927//734
f 886//693 928//735 887//694
f 929//736 887//694 928//735
f 887//694 929//736 888//695
f 930//737 888//695 929//736
f 888//695 930//737 889//696
f 931//738 889//696 930//737
f 889//696 931//738 890//697
f 932//739 890//697 931//738
f 890//697 932//739 891//698
f 933//740 891//698 932//739
f 891//698 933//740 892//699
f 934//741 892//699 933//740
f 892//699 934//741 893//700
f 935//742 893//700 934//741
f 893//700 935//742 894//701
f 936//743 894//701 935//742
f 894//701 936//743 895//702
f 937//744 895//702 936//743
f 895//702 937//744 896//703
f 938//745 896//703 937//744
f 896//703 938//745 897//704
f 939//746 897//704 938//745
f 897//704 939//746 898//705
f 940//747 898//705 939//746
f 898//705 940//747 899//706
f 941//748 899//706 940//747
f 899//706 941//748 900//707
f 942//749 900//707 941//748
f 900//707 942//749 901//708
f 943//750 901//708 942//749
f 901//708 943//750 902//709
f 944//751 904//711 945//752
f 904//711 944//751 903//710
f 946//753 903//710 944//751
f 903//710 946//753 905//712
f 947//754 905//712 946//753
f 905//712 947//754 906//713
f 948//755 906//713 947//754
f 906//713 948//755 907//714
f 949//756 907//714 948//755
f 907//714 949//756 908//715
f 950//757 908//715 949//756
f 908//715 950//757 909//716
f 951//758 909//716 950//757
f 909//716 951//758 910//717
f 952//759 910//717 951//758
f 910//717 952//759 911//718
f 953//760 911//718 952//759
f 911//718 953//760 912//719
f 954//761 912//719 953//760
f 912//719 954//761 913//720
f 955//762 913//720 954//761
f 913//720 955//762 914//721
f 956//763 914//721 955//762
f 914//721 956//763 915//722
f 957//764 915//722 956//763
f 915//722 957//764 916//723
f 958//765 916//723 957//764
f 916//723 958//765 917//724
f 959//766 917//724 958//765
f 917//724 959//766 918//725
f 960//767 918//725 959//766
f 918//725 960//767 919//726
f 961//768 919//726 960//767
f 919//726 961//768 920//727
f 962//769 920//727 961//768
f 920//727 962//769 921//728
f 963//770 921//728 962//769
f 921//728 963//770 922//729
f 964//771 922//729 963//770
f 922//729 964//771 923//730
f 965//772 923//730 964//771
f 923//730 965//772 924//731
f 966//773 924//731 965//772
f 924//731 966//773 925//732
f 967//774 925//732 966//773
f 925//732 967//774 926//733
f 968//775 926//733 967//774
f 926//733 968//775 927//734
f 969//776 927//734 968//775
f 927//734 969//776 928//735
f 970//777 928//735 969//776
f 928//735 970//777 929//736
f 971//778 929//736 970//777
f 929//736 971//778 930//737
f 972//779 930//737 971//778
f 930//737 972//779 931//738
f 973//780 931//738 972//779
f 931//738 973//780 932//739
f 974//781 932//739 973//780
f 932//739 974//781 933//740
f 975//782 933//740 974//781
f 933//740 975//782 934//741
f 976//783 934//741 975//782
f 934//741 976//783 935//742
f 977//784 935//742 976//783
f 935//742 977//784 936//743
f 978//785 936//743 977//784
f 936//743 978//785 937//744
f 979//786 937//744 978//785
f 937//744 979//786 938//745
f 980//787 938//745 979//786
f 938//745 980//787 939//746
f 981//788 939//746 980//787
f 939//746 981//788 940//747
f 982//789 940//747 981//788
f 940//747 982//789 941//748
f 983//790 941//748 982//789
f 941//748 983//790 942//749
f 984//791 942//749 983//790
f 942//749 984//791 943//750
f 985//792 945//752 986//793
f 945//752 985//792 944//751
f 987//794 944//751 985//792
f 944//751 987//794 946//753
f 988//795 946//753 987//794
f 946//753 988//795 947//754
f 989//796 947//754 988//795
f 947//754 989//796 948//755
f 990//797 948//755 989//796
f 948//755 990//797 949//756
f 991//798 949//756 990//797
f 949//756 991//798 950//757
f 992//799 950//757 991//798
f 950//757 992//799 951//758
f 993//800 951//758 992//799
f 951//758 993//800 952//759
f 994//801 952//759 993//800
f 952//759 994//801 953//760
f 995//802 953//760 994//801
f 953//760 995//802 954//761
f 996//803 954//761 995//802
f 954//761 996//803 955//762
f 997//804 955//762 996//803
f 955//762 997//804 956//763
f 998//805 956//763 997//804
f 956//763 998//805 957//764
f 999//806 957//764 998//805
f 957//764 999//806 958//765
f 1000//807 958//765 999//806
f 958//765 1000//807 959//766
f 1001//808 959//766 1000//807
f 959//766 1001//808 960//767
f 1002//809 960//767 1001//808
f 960//767 1002//809 961//768
f 1003//810 961//768 1002//809
f 961//768 1003//810 962//769
f 1004//811 962//769 1003//810
f 962//769 1004//811 963//770
f 1005//812 963//770 1004//811
f 963//770 1005//812 964//771
f 1006//813 964//771 1005//812
f 964//771 1006//813 965//772
f 1007//814 965//772 1006//813
f 965//772 1007//814 966//773
f 1008//815 966//773 1007//814
f 966//773 1008//815 967//774
f 1009//816 967//774 1008//815
f 967//774 1009//816 968//775
f 1010//817 968//775 1009//816
f 968//775 1010//817 969//776
f 1011//818 969//776 1010//817
f 969//776 1011//818 970//777
f 1012//819 970//777 1011//818
f 970//777 1012//819 971//778
f 1013//820 971//778 1012//819
f 971//778 1013//820 972//779
f 1014//821 972//779 1013//820
f 972//779 1014//821 973//780
f 1015//822 973//780 1014//821
f 973//780 1015//822 974//781
f 1016//823 974//781 1015//822
f 974//781 1016//823 975//782
f 1017//824 975//782 1016//823
f 975//782 1017//824 976//783
f 1018//825 976//783 1017//824
f 976//783 1018//825 977//784
f 1019//826 977//784 1018//825
f 977//784 1019//826 978//785
f 1020//827 978//785 1019//826
f 978//785 1020//827 979//786
f 1021//828 979//786 1020//827
f 979//786 1021//828 980//787
f 1022//829 980//787 1021//828
f 980//787 1022//829 981//788
f 1023//830 981//788 1022//829
f 981//788 1023//830 982//789
f 1024//831 982//789 1023//830
f 982//789 1024//831 983//790
f 1025//832 983//790 1024//831
f 983//790 1025//832 984//791
f 1026//833 986//793 1027//834
f 986//793 1026//833 985//792
f 1028//835 985//792 1026//833
f 985//792 1028//835 987//794
f 1029//836 987//794 1028//835
f 987//794 1029//836 988//795
f 1030//837 988//795 1029//836
f 988//795 1030//837 989//796
f 1031//838 989//796 1030//837
f 989//796 1031//838 990//797
f 1032//839 990//797 1031//838
f 990//797 1032//839 991//798
f 1033//840 991//798 1032//839
f 991//798 1033//840 992//799
f 1034//841 992//799 1033//840
f 992//799 1034//841 993//800
f 1035//842 993//800 1034//841
f 993//800 1035//842 994//801
f 1036//843 994//801 1035//842
f 994//801 1036//843 995//802
f 1037//844 995//802 1036//843
f 995//802 1037//844 996//803
f 1038//845 996//803 1037//844
f 996//803 1038//845 997//804
f 1039//846 997//804 1038//845
f 997//804 1039//846 998//805
f 1040//847 998//805 1039//846
f 998//805 1040//847 999//806
f 1041//848 999//806 1040//847
f 999//806 1041//848 1000//807
f 1042//849 1000//807 1041//848
f 1000//807 1042//849 1001//808
f 1043//850 1001//808 1042//849
f 1001//808 1043//850 1002//809
f 1044//851 1002//809 1043//850
f 1002//809 1044//851 1003//810
f 1045//852 1003//810 1044//851
f 1003//810 1045//852 1004//811
f 1046//853 1004//811 1045//852
f 1004//811 1046//853 1005//812
f 1047//854 1005//812 1046//853
f 1005//812 1047//854 1006//813
f 1048//855 1006//813 1047//854
f 1006//813 1048//855 1007//814
f 1049//856 1007//814 1048//855
f 1007//814 1049//856 1008//815
f 1050//857 1008//815 1049//856
f 1008//815 1050//857 1009//816
f 1051//858 1009//816 1050//857
f 1009//816 1051//858 1010//817
f 1052//859 1010//817 1051//858
f 1010//817 1052//859 1011//818
f 1053//860 1011//818 1052//859
f 1011//818 1053//860 1012//819
f 1054//861 1012//819 1053//860
f 1012//819 1054//861 1013//820
f 1055//862 1013//820 1054//861
f 1013//820 1055//862 1014//821
f 1056//863 1014//821 1055//862
f 1014//821 1056//863 1015//822
f 1057//864 1015//822 1056//863
f 1015//822 1057//864 1016//823
f 1058//865 1016//823 1057//864
f 1016//823 1058//865 1017//824
f 1059//866 1017//824 1058//865
f 1017//824 1059//866 1018//825
f 1060//867 1018//825 1059//866
f 1018//825 1060//867 1019//826
f 1061//868 1019//826 1060//867
f 1019//826 1061//868 1020//827
f 1062//869 1020//827 1061//868
f 1020//827 1062//869 1021//828
f 1063//870 1021//828 1062//869
f 1021//828 1063//870 1022//829
f 1064//871 1022//829 1063//870
f 1022//829 1064//871 1023//830
f 1065//872 1023//830 1064//871
f 1023//830 1065//872 1024//831
f 1066//873 1024//831 1065//872
f 1024//831 1066//873 1025//832
f 1067//874 1027//834 1068//875
f 1027//834 1067//874 1026//833
f 1069//876 1026//833 1067//874
f 1026//833 1069//876 1028//835
f 1070//877 1028//835 1069//876
f 1028//835 1070//877 1029//836
f 1071//878 1029//836 1070//877
f 1029//836 1071//878 1030//837
f 1072//879 1030//837 1071//878
f 1030//837 1072//879 1031//838
f 1073//880 1031//838 1072//879
f 1031//838 1073//880 1032//839
f 1074//881 1032//839 1073//880
f 1032//839 1074//881 1033//840
f 1075//882 1033//840 1074//881
f 1033//840 1075//882 1034//841
f 1076//883 1034//841 1075//882
f 1034//841 1076//883 1035//842
f 1077//884 1035//842 1076//883
f 1035//842 1077//884 1036//843
f 1078//885 1036//843 1077//884
f 1036//843 1078//885 1037//844
f 1079//886 1037//844 1078//885
f 1037//844 1079//886 1038//845
f 1080//887 1038//845 1079//886
f 1038//845 1080//887 1039//846
f 1081//888 1039//846 1080//887
f 1039//846 1081//888 1040//847
f 1082//889 1040//847 1081//888
f 1040//847 1082//889 1041//848
f 1083//890 1041//848 1082//889
f 1041//848 1083//890 1042//849
f 1084//891 1042//849 1083//890
f 1042//849 1084//891 1043//850
f 1085//892 1043//850 1084//891
f 1043//850 1085//892 1044//851
f 1086//893 1044//851 1085//892
f 1044//851 1086//893 1045//852
f 1087//894 1045//852 1086//893
f 1045//852 1087//894 1046//853
f 1088//895 1046//853 1087//894
f 1046//853 1088//895 1047//854
f 1089//896 1047//854 1088//895
f 1047//854 1089//896 1048//855
f 1090//897 1048//855 1089//896
f 1048//855 1090//897 1049//856
f 1091//898 1049//856 1090//897
f 1049//856 1091//898 1050//857
f 1092//899 1050//857 1091//898
f 1050//857 1092//899 1051//858
f 1093//900 1051//858 1092//899
f 1051//858 1093//900 1052//859
f 1094//901 1052//859 1093//900
f 1052//859 1094//901 1053//860
f 1095//902 1053//860 1094//901
f 1053//860 1095//902 1054//861
f 1096//903 1054//861 1095//902
f 1054//861 1096//903 1055//862
f 1097//904 1055//862 1096//903
f 1055//862 1097//904 1056//863
f 1098//905 1056//863 1097//904
f 1056//863 1098//905 1057//864
f 1099//906 1057//864 1098//905
f 1057//864 1099//906 1058//865
f 1100//907 1058//865 1099//906
f 1058//865 1100//907 1059//866
f 1101//908 1059//866 1100//907
f 1059//866 1101//908 1060//867
f 1102//909 1060//867 1101//908
f 1060//867 1102//909 1061//868
f 1103//910 1061//868 1102//909
f 1061//868 1103//910 1062//869
f 1104//911 1062//869 1103//910
f 1062//869 1104//911 1063//870
f 1105//912 1063//870 1104//911
f 1063//870 1105//912 1064//871
f 1106//913 1064//871 1105//912
f 1064//871 1106//913 1065//872
f 1107//914 1065//872 1106//913
f 1065//872 1107//914 1066//873
f 1108//915 1068//875 1109//916
f 1068//875 1108//915 1067//874
f 1110//917 1067//874 1108//915
f 1067//874 1110//917 1069//876
f 1111//918 1069//876 1110//917
f 1069//876 1111//918 1070//877
f 1112//919 1070//877 1111//918
f 1070//877 1112//919 1071//878
f 1113//920 1071//878 1112//919
f 1071//878 1113//920 1072//879
f 1114//921 1072//879 1113//920
f 1072//879 1114//921 1073//880
f 1115//922 1073//880 1114//921
f 1073//880 1115//922 1074//881
f 1116//923 1074//881 1115//922
f 1074//881 1116//923 1075//882
f 1117//924 1075//882 1116//923
f 1075//882 1117//924 1076//883
f 1118//925 1076//883 1117//924
f 1076//883 1118//925 1077//884
f 1119//926 1077//884 1118//925
f 1077//884 1119//926 1078//885
f 1120//927 1078//885 1119//926
f 1078//885 1120//927 1079//886
f 1121//928 1079//886 1120//927
f 1079//886 1121//928 1080//887
f 1122//929 1080//887 1121//928
f 1080//887 1122//929 1081//888
f 1123//930 1081//888 1122//929
f 1081//888 1123//930 1082//889
f 1124//931 1082//889 1123//930
f 1082//889 1124//931 1083//890
f 1125//932 1083//890 1124//931
f 1083//890 1125//932 1084//891
f 1126//933 1084//891 1125//932
f 1084//891 1126//933 1085//892
f 1127//934 1085//892 1126//933
f 1085//892 1127//934 1086//893
f 1128//935 1086//893 1127//934
f 1086//893 1128//935 1087//894
f 1129//936 1087//894 1128//935
f 1087//894 1129//936 1088//895
f 1130//937 1088//895 1129//936
f 1088//895 1130//937 1089//896
f 1131//938 1089//896 1130//937
f 1089//896 1131//938 1090//897
f 1132//939 1090//897 1131//938
f 1090//897 1132//939 1091//898
f 1133//940 1091//898 1132//939
f 1091//898 1133//940 1092//899
f 1134//941 1092//899 1133//940
f 1092//899 1134//941 1093//900
f 1135//942 1093//900 1134//941
f 1093//900 1135//942 1094//901
f 1136//943 1094//901 1135//942
f 1094//901 1136//943 1095//902
f 1137//944 1095//902 1136//943
f 1095//902 1137//944 1096//903
f 1138//945 1096//903 1137//944
f 1096//903 1138//945 1097//904
f 1139//946 1097//904 1138//945
f 1097//904 1139//946 1098//905
f 1140//947 1098//905 1139//946
f 1098//905 1140//947 1099//906
f 1141//948 1099//906 1140//947
f 1099//906 1141//948 1100//907
f 1142//949 1100//907 1141//948
f 1100//907 1142//949 1101//908
f 1143//950 1101//908 1142//949
f 1101//908 1143//950 1102//909
f 1144//951 1102//909 1143//950
f 1102//909 1144//951 1103//910
f 1145//952 1103//910 1144//951
f 1103//910 1145//952 1104//911
f 1146//953 1104//911 1145//952
f 1104//911 1146//953 1105//912
f 1147//954 1105//912 1146//953
f 1105//912 1147//954 1106//913
f 1148//955 1106//913 1147//954
f 1106//913 1148//955 1107//914
f 1149//956 1109//916 1150//1
f 1109//916 1149//956 1108//915
f 1151//957 1108//915 1149//956
f 1108//915 1151//957 1110//917
f 1152//958 1110//917 1151//957
f 1110//917 1152//958 1111//918
f 1153//959 1111//918 1152//958
f 1111//918 1153//959 1112//919
f 1154//960 1112//919 1153//959
f 1112//919 1154//960 1113//920
f 1155//961 1113//920 1154//960
f 1113//920 1155//961 1114//921
f 1156//962 1114//921 1155//961
f 1114//921 1156//962 1115//922
f 1157//963 1115//922 1156//962
f 1115//922 1157//963 1116//923
f 1158//964 1116//923 1157//963
f 1116//923 1158//964 1117//924
f 1159//965 1117//924 1158//964
f 1117//924 1159//965 1118//925
f 1160//966 1118//925 1159//965
f 1118//925 1160//966 1119//926
f 1161//967 1119//926 1160//966
f 1119//926 1161//967 1120//927
f 1162//968 1120//927 1161//967
f 1120//927 1162//968 1121//928
f 1163//969 1121//928 1162//968
f 1121//928 1163//969 1122//929
f 1164//970 1122//929 1163//969
f 1122//929 1164//970 1123//930
f 1165//971 1123//930 1164//970
f 1123//930 1165//971 1124//931
f 1166//972 1124//931 1165//971
f 1124//931 1166//972 1125//932
f 1167//973 1125//932 1166//972
f 1125//932 1167//973 1126//933
f 1168//974 1126//933 1167//973
f 1126//933 1168//974 1127//934
f 1169//975 1127//934 1168//974
f 1127//934 1169//975 1128//935
f 1170//976 1128//935 1169//975
f 1128//935 1170//976 1129//936
f 1171//977 1129//936 1170//976
f 1129//936 1171//977 1130//937
f 1172//978 1130//937 1171//977
f 1130//937 1172//978 1131//938
f 1173//979 1131//938 1172//978
f 1131//938 1173//979 1132//939
f 1174//980 1132//939 1173//979
f 1132//939 1174//980 1133//940
f 1175//981 1133//940 1174//980
f 1133//940 1175//981 1134//941
f 1176//982 1134//941 1175//981
f 1134//941 1176//982 1135//942
f 1177//983 1135//942 1176//982
f 1135//942 1177//983 1136//943
f 1178//984 1136//943 1177//983
f 1136//943 1178//984 1137//944
f 1179//985 1137//944 1178//984
f 1137//944 1179//985 1138//945
f 1180//986 1138//945 1179//985
f 1138//945 1180//986 1139//946
f 1181//987 1139//946 1180//986
f 1139//946 1181//987 1140//947
f 1182//988 1140//947 1181//987
f 1140//947 1182//988 1141//948
f 1183//989 1141//948 1182//988
f 1141//948 1183//989 1142//949
f 1184//990 1142//949 1183//989
f 1142//949 1184//990 1143//950
f 1185//991 1143//950 1184//990
f 1143//950 1185//991 1144//951
f 1186//992 1144//951 1185//991
f 1144//951 1186//992 1145//952
f 1187//993 1145//952 1186//992
f 1145//952 1187//993 1146//953
f 1188//994 1146//953 1187//993
f 1146//953 1188//994 1147//954
f 1189//995 1147//954 1188//994
f 1147//954 1189//995 1148//955
f 1190//996 1150//1 1191//1
f 1150//1 1190//996 1149//956
f 1192//997 1149//956 1190//996
f 1149//956 1192//997 1151//957
f 1193//998 1151//957 1192//997
f 1151//957 1193//998 1152//958
f 1194//999 1152//958 1193//998
f 1152//958 1194//999 1153//959
f 1195//1000 1153//959 1194//999
f 1153//959 1195//1000 1154//960
f 1196//1001 1154//960 1195//1000
f 1154//960 1196//1001 1155//961
f 1197//1002 1155//961 1196//1001
f 1155//961 1197//1002 1156//962
f 1198//1003 1156//962 1197//1002
f 1156//962 1198//1003 1157//963
f 1199//1004 1157//963 1198//1003
f 1157//963 1199//1004 1158//964
f 1200//1005 1158//964 1199//1004
f 1158//964 1200//1005 1159//965
f 1201//1006 1159//965 1200//1005
f 1159//965 1201//1006 1160//966
f 1202//1007 1160//966 1201//1006
f 1160//966 1202//1007 1161//967
f 1203//1008 1161//967 1202//1007
f 1161//967 1203//1008 1162//968
f 1204//1009 1162//968 1203//1008
f 1162//968 1204//1009 1163//969
f 1205//1010 1163//969 1204//1009
f 1163//969 1205//1010 1164//970
f 1206//1011 1164//970 1205//1010
f 1164//970 1206//1011 1165//971
f 1207//1012 1165//971 1206//1011
f 1165//971 1207//1012 1166//972
f 1208//1013 1166//972 1207//1012
f 1166//972 1208//1013 1167//973
f 1209//1014 1167//973 1208//1013
f 1167//973 1209//1014 1168//974
f 1210//1015 1168//974 1209//1014
f 1168//974 1210//1015 1169//975
f 1211//1016 1169//975 1210//1015
f 1169//975 1211//1016 1170//976
f 1212//1017 1170//976 1211//1016
f 1170//976 1212//1017 1171//977
f 1213//1018 1171//977 1212//1017
f 1171//977 1213//1018 1172//978
f 1214//1019 1172//978 1213//1018
f 1172//978 1214//1019 1173//979
f 1215//1020 1173//979 1214//1019
f 1173//979 1215//1020 1174//980
f 1216//1021 1174//980 1215//1020
f 1174//980 1216//1021 1175//981
f 1217//1022 1175//981 1216//1021
f 1175//981 1217//1022 1176//982
f 1218//1023 1176//982 1217//1022
f 1176//982 1218//1023 1177//983
f 1219//1024 1177//983 1218//1023
f 1177//983 1219//1024 1178//984
f 1220//1025 1178//984 1219//1024
f 1178//984 1220//1025 1179//985
f 1221//1026 1179//985 1220//1025
f 1179//985 1221//1026 1180//986
f 1222//1027 1180//986 1221//1026
f 1180//986 1222//1027 1181//987
f 1223//1028 1181//987 1222//1027
f 1181//987 1223//1028 1182//988
f 1224//1029 1182//988 1223//1028
f 1182//988 1224//1029 1183//989
f 1225//1030 1183//989 1224//1029
f 1183//989 1225//1030 1184//990
f 1226//1031 1184//990 1225//1030
f 1184//990 1226//1031 1185//991
f 1227//1032 1185//991 1226//1031
f 1185//991 1227//1032 1186//992
f 1228//1033 1186//992 1227//1032
f 1186//992 1228//1033 1187//993
f 1229//1034 1187//993 1228//1033
f 1187//993 1229//1034 1188//994
f 1230//1 1188//994 1229//1034
f 1188//994 1230//1 1189//995
f 1231//1 1191//1 1232//1
f 1191//1 1231//1 1190//996
f 1233//1035 1190//996 1231//1
f 1190//996 1233//1035 1192//997
f 1234//1036 1192//997 1233//1035
f 1192//997 1234//1036 1193//998
f 1235//1037 1193//998 1234//1036
f 1193//998 1235//1037 1194//999
f 1236//1038 1194//999 1235//1037
f 1194//999 1236//1038 1195//1000
f 1237//1039 1195//1000 1236//1038
f 1195//1000 1237//1039 1196//1001
f 1238//1040 1196//1001 1237//1039
f 1196//1001 1238//1040 1197//1002
f 1239//1041 1197//1002 1238//1040
f 1197//1002 1239//1041 1198//1003
f 1240//1042 1198//1003 1239//1041
f 1198//1003 1240//1042 1199//1004
f 1241//1043 1199//1004 1240//1042
f 1199//1004 1241//1043 1200//1005
f 1242//1044 1200//1005 1241//1043
f 1200//1005 1242//1044 1201//1006
f 1243//1045 1201//1006 1242//1044
f 1201//1006 1243//1045 1202//1007
f 1244//1046 1202//1007 1243//1045
f 1202//1007 1244//1046 1203//1008
f 1245//1047 1203//1008 1244//1046
f 1203//1008 1245//1047 1204//1009
f 1246//1048 1204//1009 1245//1047
f 1204//1009 1246//1048 1205//1010
f 1247//1049 1205//1010 1246//1048
f 1205//1010 1247//1049 1206//1011
f 1248//1050 1206//1011 1247//1049
f 1206//1011 1248//1050 1207//1012
f 1249//1051 1207//1012 1248//1050
f 1207//1012 1249//1051 1208//1013
f 1250//1052 1208//1013 1249//1051
f 1208//1013 1250//1052 1209//1014
f 1251//1053 1209//1014 1250//1052
f 1209//1014 1251//1053 1210//1015
f 1252//1054 1210//1015 1251//1053
f 1210//1015 1252//1054 1211//1016
f 1253//1055 1211//1016 1252//1054
f 1211//1016 1253//1055 1212//1017
f 1254//1056 1212//1017 1253//1055
f 1212//1017 1254//1056 1213//1018
f 1255//1057 1213//1018 1254//1056
f 1213//1018 1255//1057 1214//1019
f 1256//1058 1214//1019 1255//1057
f 1214//1019 1256//1058 1215//1020
f 1257//1059 1215//1020 1256//1058
f 1215//1020 1257//1059 1216//1021
f 1258//1060 1216//1021 1257//1059
f 1216//1021 1258//1060 1217//1022
f 1259//1061 1217//1022 1258//1060
f 1217//1022 1259//1061 1218//1023
f 1260//1062 1218//1023 1259//1061
f 1218//1023 1260//1062 1219//1024
f 1261//1063 1219//1024 1260//1062
f 1219//1024 1261//1063 1220//1025
f 1262//1064 1220//1025 1261//1063
f 1220//1025 1262//1064 1221//1026
f 1263//1065 1221//1026 1262//1064
f 1221//1026 1263//1065 1222//1027
f 1264//1066 1222//1027 1263//1065
f 1222//1027 1264//1066 1223//1028
f 1265//1067 1223//1028 1264//1066
f 1223//1028 1265//1067 1224//1029
f 1266//1068 1224//1029 1265//1067
f 1224//1029 1266//1068 1225//1030
f 1267//1069 1225//1030 1266//1068
f 1225//1030 1267//1069 1226//1031
f 1268//1070 1226//1031 1267//1069
f 1226//1031 1268//1070 1227//1032
f 1269//1071 1227//1032 1268//1070
f 1227//1032 1269//1071 1228//1033
f 1270//1072 1228//1033 1269//1071
f 1228//1033 1270//1072 1229//1034
f 1271//1 1229//1034 1270//1072
f 1229//1034 1271//1 1230//1
f 1272//1 1232//1 1273//1
f 1232//1 1272//1 1231//1
f 1274//1073 1231//1 1272//1
f 1231//1 1274//1073 1233//1035
f 1275//1074 1233//1035 1274//1073
f 1233//1035 1275//1074 1234//1036
f 1276//1075 1234//1036 1275//1074
f 1234//1036 1276//1075 1235//1037
f 1277//1076 1235//1037 1276//1075
f 1235//1037 1277//1076 1236//1038
f 1278//1077 1236//1038 1277//1076
f 1236//1038 1278//1077 1237//1039
f 1279//1078 1237//1039 1278//1077
f 1237//1039 1279//1078 1238//1040
f 1280//1079 1238//1040 1279//1078
f 1238//1040 1280//1079 1239//1041
f 1281//1080 1239//1041 1280//1079
f 1239//1041 1281//1080 1240//1042
f 1282//1081 1240//1042 1281//1080
f 1240//1042 1282//1081 1241//1043
f 1283//1082 1241//1043 1282//1081
f 1241//1043 1283//1082 1242//1044
f 1284//1083 1242//1044 1283//1082
f 1242//1044 1284//1083 1243//1045
f 1285//1084 1243//1045 1284//1083
f 1243//1045 1285//1084 1244//1046
f 1286//1085 1244//1046 1285//1084
f 1244//1046 1286//1085 1245//1047
f 1287//1086 1245//1047 1286//1085
f 1245//1047 1287//1086 1246//1048
f 1288//1087 1246//1048 1287//1086
f 1246//1048 1288//1087 1247//1049
f 1289//1088 1247//1049 1288//1087
f 1247//1049 1289//1088 1248//1050
f 1290//1089 1248//1050 1289//1088
f 1248//1050 1290//1089 1249//1051
f 1291//1090 1249//1051 1290//1089
f 1249//1051 1291//1090 1250//1052
f 1292//1091 1250//1052 1291//1090
f 1250//1052 1292//1091 1251//1053
f 1293//1092 1251//1053 1292//1091
f 1251//1053 1293//1092 1252//1054
f 1294//1093 1252//1054 1293//1092
f 1252//1054 1294//1093 1253//1055
f 1295//1094 1253//1055 1294//1093
f 1253//1055 1295//1094 1254//1056
f 1296//1095 1254//1056 1295//1094
f 1254//1056 1296//1095 1255//1057
f 1297//1096 1255//1057 1296//1095
f 1255//1057 1297//1096 1256//1058
f 1298//1097 1256//1058 1297//1096
f 1256//1058 1298//1097 1257//1059
f 1299//1098 1257//1059 1298//1097
f 1257//1059 1299//1098 1258//1060
f 1300//1099 1258//1060 1299//1098
f 1258//1060 1300//1099 1259//1061
f 1301//1100 1259//1061 1300//1099
f 1259//1061 1301//1100 1260//1062
f 1302//1101 1260//1062 1301//1100
f 1260//1062 1302//1101 1261//1063
f 1303//1102 1261//1063 1302//1101
f 1261//1063 1303//1102 1262//1064
f 1304//1103 1262//1064 1303//1102
f 1262//1064 1304//1103 1263//1065
f 1305//1104 1263//1065 1304//1103
f 1263//1065 1305//1104 1264//1066
f 1306//1105 1264//1066 1305//1104
f 1264//1066 1306//1105 1265//1067
f 1307//1106 1265//1067 1306//1105
f 1265//1067 1307//1106 1266//1068
f 1308//1107 1266//1068 1307//1106
f 1266//1068 1308//1107 1267//1069
f 1309//1108 1267//1069 1308//1107
f 1267//1069 1309//1108 1268//1070
f 1310//1109 1268//1070 1309//1108
f 1268//1070 1310//1109 1269//1071
f 1311//1 1269//1071 1310//1109
f 1269//1071 1311//1 1270//1072
f 1312//1 1270//1072 1311//1
f 1270//1072 1312//1 1271//1
f 1313//1 1273//1 1314//1
f 1273//1 1313//1 1272//1
f 1315//1 1272//1 1313//1
f 1272//1 1315//1 1274//1073
f 1316//1110 1274//1073 1315//1
f 1274//1073 1316//1110 1275//1074
f 1317//1111 1275//1074 1316//1110
f 1275//1074 1317//1111 1276//1075
f 1318//1112 1276//1075 1317//1111
f 1276//1075 1318//1112 1277//1076
f 1319//1113 1277//1076 1318//1112
f 1277//1076 1319//1113 1278//1077
f 1320//1114 1278//1077 1319//1113
f 1278//1077 1320//1114 1279//1078
f 1321//1115 1279//1078 1320//1114
f 1279//1078 1321//1115 1280//1079
f 1322//1116 1280//1079 1321//1115
f 1280//1079 1322//1116 1281//1080
f 1323//1117 1281//1080 1322//1116
f 1281//1080 1323//1117 1282//1081
f 1324//1118 1282//1081 1323//1117
f 1282//1081 1324//1118 1283//1082
f 1325//1119 1283//1082 1324//1118
f 1283//1082 1325//1119 1284//1083
f 1326//1120 1284//1083 1325//1119
f 1284//1083 1326//1120 1285//1084
f 1327//1121 1285//1084 1326//1120
f 1285//1084 1327//1121 1286//1085
f 1328//1122 1286//1085 1327//1121
f 1286//1085 1328//1122 1287//1086
f 1329//1123 1287//1086 1328//1122
f 1287//1086 1329//1123 1288//1087
f 1330//1124 1288//1087 1329//1123
f 1288//1087 1330//1124 1289//1088
f 1331//1125 1289//1088 1330//1124
f 1289//1088 1331//1125 1290//1089
f 1332//1126 1290//1089 1331//1125
f 1290//1089 1332//1126 1291//1090
f 1333//1127 1291//1090 1332//1126
f 1291//1090 1333//1127 1292//1091
f 1334//1128 1292//1091 1333//1127
f 1292//1091 1334//1128 1293//1092
f 1335//1129 1293//1092 1334//1128
f 1293//1092 1335//1129 1294//1093
f 1336//1130 1294//1093 1335//1129
f 1294//1093 1336//1130 1295//1094
f 1337//1131 1295//1094 1336//1130
f 1295//1094 1337//1131 1296//1095
f 1338//1132 1296//1095 1337//1131
f 1296//1095 1338//1132 1297//1096
f 1339//1133 1297//1096 1338//1132
f 1297//1096 1339//1133 1298//1097
f 1340//1134 1298//1097 1339//1133
f 1298//1097 1340//1134 1299//1098
f 1341//1135 1299//1098 1340//1134
f 1299//1098 1341//1135 1300//1099
f 1342//1136 1300//1099 1341//1135
f 1300//1099 1342//1136 1301//1100
f 1343//1137 1301//1100 1342//1136
f 1301//1100 1343//1137 1302//1101
f 1344//1138 1302//1101 1343//1137
f 1302//1101 1344//1138 1303//1102
f 1345//1139 1303//1102 1344//1138
f 1303//1102 1345//1139 1304//1103
f 1346//1140 1304//1103 1345//1139
f 1304//1103 1346//1140 1305//1104
f 1347//1141 1305//1104 1346//1140
f 1305//1104 1347//1141 1306//1105
f 1348//1142 1306//1105 1347//1141
f 1306//1105 1348//1142 1307//1106
f 1349//1143 1307//1106 1348//1142
f 1307//1106 1349//1143 1308//1107
f 1350//1144 1308//1107 1349//1143
f 1308//1107 1350//1144 1309//1108
f 1351//1145 1309//1108 1350//1144
f 1309//1108 1351//1145 1310//1109
f 1352//1 1310//1109 1351//1145
f 1310//1109 1352//1 1311//1
f 1353//1 1311//1 1352//1
f 1311//1 1353//1 1312//1
f 1354//1 1314//1 1355//1
f 1314//1 1354//1 1313//1
f 1356//1 1313//1 1354//1
f 1313//1 1356//1 1315//1
f 1357//1 1315//1 1356//1
f 1315//1 1357//1 1316//1110
f 1358//1146 1316//1110 1357//1
f 1316//1110 1358//1146 1317//1111
f 1359//1147 1317//1111 1358//1146
f 1317//1111 1359//1147 1318//1112
f 1360//1148 1318//1112 1359//1147
f 1318//1112 1360//1148 1319//1113
f 1361//1149 1319//1113 1360//1148
f 1319//1113 1361//1149 1320//1114
f 1362//1150 1320//1114 1361//1149
f 1320//1114 1362//1150 1321//1115
f 1363//1151 1321//1115 1362//1150
f 1321//1115 1363//1151 1322//1116
f 1364//1152 1322//1116 1363//1151
f 1322//1116 1364//1152 1323//1117
f 1365//1153 1323//1117 1364//1152
f 1323//1117 1365//1153 1324//1118
f 1366//1154 1324//1118 1365//1153
f 1324//1118 1366//1154 1325//1119
f 1367//1155 1325//1119 1366//1154
f 1325//1119 1367//1155 1326//1120
f 1368//1156 1326//1120 1367//1155
f 1326//1120 1368//1156 1327//1121
f 1369//1157 1327//1121 1368//1156
f 1327//1121 1369//1157 1328//1122
f 1370//1158 1328//1122 1369//1157
f 1328//1122 1370//1158 1329//1123
f 1371//1159 1329//1123 1370//1158
f 1329//1123 1371//1159 1330//1124
f 1372//1160 1330//1124 1371//1159
f 1330//1124 1372//1160 1331//1125
f 1373//1161 1331//1125 1372//1160
f 1331//1125 1373//1161 1332//1126
f 1374//1162 1332//1126 1373//1161
f 1332//1126 1374//1162 1333//1127
f 1375//1163 1333//1127 1374//1162
f 1333//1127 1375//1163 1334//1128
f 1376//1164 1334//1128 1375//1163
f 1334//1128 1376//1164 1335//1129
f 1377//1165 1335//1129 1376//1164
f 1335//1129 1377//1165 1336//1130
f 1378//1166 1336//1130 1377//1165
f 1336//1130 1378//1166 1337//1131
f 1379//1167 1337//1131 1378//1166
f 1337//1131 1379//1167 1338//1132
f 1380//1168 1338//1132 1379//1167
f 1338//1132 1380//1168 1339//1133
f 1381//1169 1339//1133 1380//1168
f 1339//1133 1381//1169 1340//1134
f 1382//1170 1340//1134 1381//1169
f 1340//1134 1382//1170 1341//1135
f 1383//1171 1341//1135 1382//1170
f 1341//1135 1383//1171 1342//1136
f 1384//1172 1342//1136 1383//1171
f 1342//1136 1384//1172 1343//1137
f 1385//1173 1343//1137 1384//1172
f 1343//1137 1385//1173 1344//1138
f 1386//1174 1344//1138 1385//1173
f 1344//1138 1386//1174 1345//1139
f 1387//1175 1345//1139 1386//1174
f 1345//1139 1387//1175 1346//1140
f 1388//1176 1346//1140 1387//1175
f 1346//1140 1388//1176 1347//1141
f 1389//1177 1347//1141 1388//1176
f 1347//1141 1389//1177 1348//1142
f 1390//1178 1348//1142 1389//1177
f 1348//1142 1390//1178 1349//1143
f 1391//1179 1349//1143 1390//1178
f 1349//1143 1391//1179 1350//1144
f 1392//1 1350//1144 1391//1179
f 1350//1144 1392//1 1351//1145
f 1393//1 1351//1145 1392//1
f 1351//1145 1393//1 1352//1
f 1394//1 1352//1 1393//1
f 1352//1 1394//1 1353//1
f 1395//1 1355//1 1396//1
f 1355//1 1395//1 1354//1
f 1397//1 1354//1 1395//1
f 1354//1 1397//1 1356//1
f 1398//1 1356//1 1397//1
f 1356//1 1398//1 1357//1
f 1399//1180 1357//1 1398//1
f 1357//1 1399//1180 1358//1146
f 1400//1181 1358//1146 1399//1180
f 1358//1146 1400//1181 1359//1147
f 1401//1182 1359//1147 1400//1181
f 1359//1147 1401//1182 1360//1148
f 1402//1183 1360//1148 1401//1182
f 1360//1148 1402//1183 1361//1149
f 1403//1184 1361//1149 1402//1183
f 1361//1149 1403//1184 1362//1150
f 1404//1185 1362//1150 1403//1184
f 1362//1150 1404//1185 1363//1151
f 1405//1186 1363//1151 1404//1185
f 1363//1151 1405//1186 1364//1152
f 1406//1187 1364//1152 1405//1186
f 1364//1152 1406//1187 1365//1153
f 1407//1188 1365//1153 1406//1187
f 1365//1153 1407//1188 1366//1154
f 1408//1189 1366//1154 1407//1188
f 1366//1154 1408//1189 1367//1155
f 1409//1190 1367//1155 1408//1189
f 1367//1155 1409//1190 1368//1156
f 1410//1191 1368//1156 1409//1190
f 1368//1156 1410//1191 1369//1157
f 1411//1192 1369//1157 1410//1191
f 1369//1157 1411//1192 1370//1158
f 1412//1193 1370//1158 1411//1192
f 1370//1158 1412//1193 1371//1159
f 1413//1194 1371//1159 1412//1193
f 1371//1159 1413//1194 1372//1160
f 1414//1195 1372//1160 1413//1194
f 1372//1160 1414//1195 1373//1161
f 1415//1196 1373//1161 1414//1195
f 1373//1161 1415//1196 1374//1162
f 1416//1197 1374//1162 1415//1196
f 1374//1162 1416//1197 1375//1163
f 1417//1198 1375//1163 1416//1197
f 1375//1163 1417//1198 1376//1164
f 1418//1199 1376//1164 1417//1198
f 1376//1164 1418//1199 1377//1165
f 1419//1200 1377//1165 1418//1199
f 1377//1165 1419//1200 1378//1166
f 1420//1201 1378//1166 1419//1200
f 1378//1166 1420//1201 1379//1167
f 1421//1202 1379//1167 1420//1201
f 1379//1167 1421//1202 1380//1168
f 1422//1203 1380//1168 1421//1202
f 1380//1168 1422//1203 1381//1169
f 1423//1204 1381//1169 1422//1203
f 1381//1169 1423//1204 1382//1170
f 1424//1205 1382//1170 1423//1204
f 1382//1170 1424//1205 1383//1171
f 1425//1206 1383//1171 1424//1205
f 1383//1171 1425//1206 1384//1172
f 1426//1207 1384//1172 1425//1206
f 1384//1172 1426//1207 1385//1173
f 1427//1208 1385//1173 1426//1207
f 1385//1173 1427//1208 1386//1174
f 1428//1209 1386//1174 1427//1208
f 1386//1174 1428//1209 1387//1175
f 1429//1210 1387//1175 1428//1209
f 1387//1175 1429//1210 1388//1176
f 1430//1211 1388//1176 1429//1210
f 1388//1176 1430//1211 1389//1177
f 1431//1212 1389//1177 1430//1211
f 1389//1177 1431//1212 1390//1178
f 1432//1 1390//1178 1431//1212
f 1390//1178 1432//1 1391//1179
f 1433//1 1391//1179 1432//1
f 1391//1179 1433//1 1392//1
f 1434//1 1392//1 1433//1
f 1392//1 1434//1 1393//1
f 1435//1 1393//1 1434//1
f 1393//1 1435//1 1394//1
f 1436//1 1396//1 1437//1
f 1396//1 1436//1 1395//1
f 1438//1 1395//1 1436//1
f 1395//1 1438//1 1397//1
f 1439//1 1397//1 1438//1
f 1397//1 1439//1 1398//1
f 1440//1 1398//1 1439//1
f 1398//1 1440//1 1399//1180
f 1441//1213 1399//1180 1440//1
f 1399//1180 1441//1213 1400//1181
f 1442//1214 1400//1181 1441//1213
f 1400//1181 1442//1214 1401//1182
f 1443//1215 1401//1182 1442//1214
f 1401//1182 1443//1215 1402//1183
f 1444//1216 1402//1183 1443//1215
f 1402//1183 1444//1216 1403//1184
f 1445//1217 1403//1184 1444//1216
f 1403//1184 1445//1217 1404//1185
f 1446//1218 1404//1185 1445//1217
f 1404//1185 1446//1218 1405//1186
f 1447//1219 1405//1186 1446//1218
f 1405//1186 1447//1219 1406//1187
f 1448//1220 1406//1187 1447//1219
f 1406//1187 1448//1220 1407//1188
f 1449//1221 1407//1188 1448//1220
f 1407//1188 1449//1221 1408//1189
f 1450//1222 1408//1189 1449//1221
f 1408//1189 1450//1222 1409//1190
f 1451//1223 1409//1190 1450//1222
f 1409//1190 1451//1223 1410//1191
f 1452//1224 1410//1191 1451//1223
f 1410//1191 1452//1224 1411//1192
f 1453//1225 1411//1192 1452//1224
f 1411//1192 1453//1225 1412//1193
f 1454//1226 1412//1193 1453//1225
f 1412//1193 1454//1226 1413//1194
f 1455//1227 1413//1194 1454//1226
f 1413//1194 1455//1227 1414//1195
f 1456//1228 1414//1195 1455//1227
f 1414//1195 1456//1228 1415//1196
f 1457//1229 1415//1196 1456//1228
f 1415//1196 1457//1229 1416//1197
f 1458//1230 1416//1197 1457//1229
f 1416//1197 1458//1230 1417//1198
f 1459//1231 1417//1198 1458//1230
f 1417//1198 1459//1231 1418//1199
f 1460//1232 1418//1199 1459//1231
f 1418//1199 1460//1232 1419//1200
f 1461//1233 1419//1200 1460//1232
f 1419//1200 1461//1233 1420//1201
f 1462//1234 1420//1201 1461//1233
f 1420//1201 1462//1234 1421//1202
f 1463//1235 1421//1202 1462//1234
f 1421//1202 1463//1235 1422//1203
f 1464//1236 1422//1203 1463//1235
f 1422//1203 1464//1236 1423//1204
f 1465//1237 1423//1204 1464//1236
f 1423//1204 1465//1237 1424//1205
f 1466//1238 1424//1205 1465//1237
f 1424//1205 1466//1238 1425//1206
f 1467//1239 1425//1206 1466//1238
f 1425//1206 1467//1239 1426//1207
f 1468//1240 1426//1207 1467//1239
f 1426//1207 1468//1240 1427//1208
f 1469//1241 1427//1208 1468//1240
f 1427//1208 1469//1241 1428//1209
f 1470//1242 1428//1209 1469//1241
f 1428//1209 1470//1242 1429//1210
f 1471//1243 1429//1210 1470//1242
f 1429//1210 1471//1243 1430//1211
f 1472//1244 1430//1211 1471//1243
f 1430//1211 1472//1244 1431//1212
f 1473//1 1431//1212 1472//1244
f 1431//1212 1473//1 1432//1
f 1474//1 1432//1 1473//1
f 1432//1 1474//1 1433//1
f 1475//1 1433//1 1474//1
f 1433//1 1475//1 1434//1
f 1476//1 1434//1 1475//1
f 1434//1 1476//1 1435//1
f 1477//1 1437//1 1478//1
f 1437//1 1477//1 1436//1
f 1479//1 1436//1 1477//1
f 1436//1 1479//1 1438//1
f 1480//1 1438//1 1479//1
f 1438//1 1480//1 1439//1
f 1481//1 1439//1 1480//1
f 1439//1 1481//1 1440//1
f 1482//1 1440//1 1481//1
f 1440//1 1482//1 1441//1213
f 1483//1245 1441//1213 1482//1
f 1441//1213 1483//1245 1442//1214
f 1484//1246 1442//1214 1483//1245
f 1442//1214 1484//1246 1443//1215
f 1485//1247 1443//1215 1484//1246
f 1443//1215 1485//1247 1444//1216
f 1486//1248 1444//1216 1485//1247
f 1444//1216 1486//1248 1445//1217
f 1487//1249 1445//1217 1486//1248
f 1445//1217 1487//1249 1446//1218
f 1488//1250 1446//1218 1487//1249
f 1446//1218 1488//1250 1447//1219
f 1489//1251 1447//1219 1488//1250
f 1447//1219 1489//1251 1448//1220
f 1490//1252 1448//1220 1489//1251
f 1448//1220 1490//1252 1449//1221
f 1491//1253 1449//1221 1490//1252
f 1449//1221 1491//1253 1450//1222
f 1492//1254 1450//1222 1491//1253
f 1450//1222 1492//1254 1451//1223
f 1493//1255 1451//1223 1492//1254
f 1451//1223 1493//1255 1452//1224
f 1494//1256 1452//1224 1493//1255
f 1452//1224 1494//1256 1453//1225
f 1495//1257 1453//1225 1494//1256
f 1453//1225 1495//1257 1454//1226
f 1496//1258 1454//1226 1495//1257
f 1454//1226 1496//1258 1455//1227
f 1497//1259 1455//1227 1496//1258
f 1455//1227 1497//1259 1456//1228
f 1498//1260 1456//1228 1497//1259
f 1456//1228 1498//1260 1457//1229
f 1499//1261 1457//1229 1498//1260
f 1457//1229 1499//1261 1458//1230
f 1500//1262 1458//1230 1499//1261
f 1458//1230 1500//1262 1459//1231
f 1501//1263 1459//1231 1500//1262
f 1459//1231 1501//1263 1460//1232
f 1502//1264 1460//1232 1501//1263
f 1460//1232 1502//1264 1461//1233
f 1503//1265 1461//1233 1502//1264
f 1461//1233 1503//1265 1462//1234
f 1504//1266 1462//1234 1503//1265
f 1462//1234 1504//1266 1463//1235
f 1505//1267 1463//1235 1504//1266
f 1463//1235 1505//1267 1464//1236
f 1506//1268 1464//1236 1505//1267
f 1464//1236 1506//1268 1465//1237
f 1507//1269 1465//1237 1506//1268
f 1465//1237 1507//1269 1466//1238
f 1508//1270 1466//1238 1507//1269
f 1466//1238 1508//1270 1467//1239
f 1509//1271 1467//1239 1508//1270
f 1467//1239 1509//1271 1468//1240
f 1510//1272 1468//1240 1509//1271
f 1468//1240 1510//1272 1469//1241
f 1511//1273 1469//1241 1510//1272
f 1469//1241 1511//1273 1470//1242
f 1512//1274 1470//1242 1511//1273
f 1470//1242 1512//1274 1471//1243
f 1513//1 1471//1243 1512//1274
f 1471//1243 1513//1 1472//1244
f 1514//1 1472//1244 1513//1
f 1472//1244 1514//1 1473//1
f 1515//1 1473//1 1514//1
f 1473//1 1515//1 1474//1
f 1516//1 1474//1 1515//1
f 1474//1 1516//1 1475//1
f 1517//1 1475//1 1516//1
f 1475//1 1517//1 1476//1
f 1518//1 1478//1 1519//1
f 1478//1 1518//1 1477//1
f 1520//1 1477//1 1518//1
f 1477//1 1520//1 1479//1
f 1521//1 1479//1 1520//1
f 1479//1 1521//1 1480//1
f 1522//1 1480//1 1521//1
f 1480//1 1522//1 1481//1
f 1523//1 1481//1 1522//1
f 1481//1 1523//1 1482//1
f 1524//1 1482//1 1523//1
f 1482//1 1524//1 1483//1245
f 1525//1275 1483//1245 1524//1
f 1483//1245 1525//1275 1484//1246
f 1526//1276 1484//1246 1525//1275
f 1484//1246 1526//1276 1485//1247
f 1527//1277 1485//1247 1526//1276
f 1485//1247 1527//1277 1486//1248
f 1528//1278 1486//1248 1527//1277
f 1486//1248 1528//1278 1487//1249
f 1529//1279 1487//1249 1528//1278
f 1487//1249 1529//1279 1488//1250
f 1530//1280 1488//1250 1529//1279
f 1488//1250 1530//1280 1489//1251
f 1531//1281 1489//1251 1530//1280
f 1489//1251 1531//1281 1490//1252
f 1532//1282 1490//1252 1531//1281
f 1490//1252 1532//1282 1491//1253
f 1533//1283 1491//1253 1532//1282
f 1491//1253 1533//1283 1492//1254
f 1534//1284 1492//1254 1533//1283
f 1492//1254 1534//1284 1493//1255
f 1535//1285 1493//1255 1534//1284
f 1493//1255 1535//1285 1494//1256
f 1536//1286 1494//1256 1535//1285
f 1494//1256 1536//1286 1495//1257
f 1537//1287 1495//1257 1536//1286
f 1495//1257 1537//1287 1496//1258
f 1538//1288 1496//1258 1537//1287
f 1496//1258 1538//1288 1497//1259
f 1539//1289 1497//1259 1538//1288
f 1497//1259 1539//1289 1498//1260
f 1540//1290 1498//1260 1539//1289
f 1498//1260 1540//1290 1499//1261
f 1541//1291 1499//1261 1540//1290
f 1499//1261 1541//1291 1500//1262
f 1542//1292 1500//1262 1541//1291
f 1500//1262 1542//1292 1501//1263
f 1543//1293 1501//1263 1542//1292
f 1501//1263 1543//1293 1502//1264
f 1544//1294 1502//1264 1543//1293
f 1502//1264 1544//1294 1503//1265
f 1545//1295 1503//1265 1544//1294
f 1503//1265 1545//1295 1504//1266
f 1546//1296 1504//1266 1545//1295
f 1504//1266 1546//1296 1505//1267
f 1547//1297 1505//1267 1546//1296
f 1505//1267 1547//1297 1506//1268
f 1548//1298 1506//1268 1547//1297
f 1506//1268 1548//1298 1507//1269
f 1549//1299 1507//1269 1548//1298
f 1507//1269 1549//1299 1508//1270
f 1550//1300 1508//1270 1549//1299
f 1508//1270 1550//1300 1509//1271
f 1551//1301 1509//1271 1550//1300
f 1509//1271 1551//1301 1510//1272
f 1552//1302 1510//1272 1551//1301
f 1510//1272 1552//1302 1511//1273
f 1553//1 1511//1273 1552//1302
f 1511//1273 1553//1 1512//1274
f 1554//1 1512//1274 1553//1
f 1512//1274 1554//1 1513//1
f 1555//1 1513//1 1554//1
f 1513//1 1555//1 1514//1
f 1556//1 1514//1 1555//1
f 1514//1 1556//1 1515//1
f 1557//1 1515//1 1556//1
f 1515//1 1557//1 1516//1
f 1558//1 1516//1 1557//1
f 1516//1 1558//1 1517//1
f 1559//1 1519//1 1560//1
f 1519//1 1559//1 1518//1
f 1561//1 1518//1 1559//1
f 1518//1 1561//1 1520//1
f 1562//1 1520//1 1561//1
f 1520//1 1562//1 1521//1
f 1563//1 1521//1 1562//1
f 1521//1 1563//1 1522//1
f 1564//1 1522//1 1563//1
f 1522//1 1564//1 1523//1
f 1565//1 1523//1 1564//1
f 1523//1 1565//1 1524//1
f 1566//1 1524//1 1565//1
f 1524//1 1566//1 1525//1275
f 1567//1 1525//1275 1566//1
f 1525//1275 1567//1 1526//1276
f 1568//1303 1526//1276 1567//1
f 1526//1276 1568//1303 1527//1277
f 1569//1304 1527//1277 1568//1303
f 1527//1277 1569//1304 1528//1278
f 1570//1305 1528//1278 1569//1304
f 1528//1278 1570//1305 1529//1279
f 1571//1306 1529//1279 1570//1305
f 1529//1279 1571//1306 1530//1280
f 1572//1307 1530//1280 1571//1306
f 1530//1280 1572//1307 1531//1281
f 1573//1308 1531//1281 1572//1307
f 1531//1281 1573//1308 1532//1282
f 1574//1309 1532//1282 1573//1308
f 1532//1282 1574//1309 1533//1283
f 1575//1310 1533//1283 1574//1309
f 1533//1283 1575//1310 1534//1284
f 1576//1311 1534//1284 1575//1310
f 1534//1284 1576//1311 1535//1285
f 1577//1312 1535//1285 1576//1311
f 1535//1285 1577//1312 1536//1286
f 1578//1313 1536//1286 1577//1312
f 1536//1286 1578//1313 1537//1287
f 1579//1314 1537//1287 1578//1313
f 1537//1287 1579//1314 1538//1288
f 1580//1315 1538//1288 1579//1314
f 1538//1288 1580//1315 1539//1289
f 1581//1316 1539//1289 1580//1315
f 1539//1289 1581//1316 1540//1290
f 1582//1317 1540//1290 1581//1316
f 1540//1290 1582//1317 1541//1291
f 1583//1318 1541//1291 1582//1317
f 1541//1291 1583//1318 1542//1292
f 1584//1319 1542//1292 1583//1318
f 1542//1292 1584//1319 1543//1293
f 1585//1320 1543//1293 1584//1319
f 1543//1293 1585//1320 1544//1294
f 1586//1321 1544//1294 1585//1320
f 1544//1294 1586//1321 1545//1295
f 1587//1322 1545//1295 1586//1321
f 1545//1295 1587//1322 1546//1296
f 1588//1323 1546//1296 1587//1322
f 1546//1296 1588//1323 1547//1297
f 1589//1324 1547//1297 1588//1323
f 1547//1297 1589//1324 1548//1298
f 1590//1325 1548//1298 1589//1324
f 1548//1298 1590//1325 1549//1299
f 1591//1179 1549//1299 1590//1325
f 1549//1299 1591//1179 1550//1300
f 1592//1 1550//1300 1591//1179
f 1550//1300 1592//1 1551//1301
f 1593//1 1551//1301 1592//1
f 1551//1301 1593//1 1552//1302
f 1594//1 1552//1302 1593//1
f 1552//1302 1594//1 1553//1
f 1595//1 1553//1 1594//1
f 1553//1 1595//1 1554//1
f 1596//1 1554//1 1595//1
f 1554//1 1596//1 1555//1
f 1597//1 1555//1 1596//1
f 1555//1 1597//1 1556//1
f 1598//1 1556//1 1597//1
f 1556//1 1598//1 1557//1
f 1599//1 1557//1 1598//1
f 1557//1 1599//1 1558//1
f 1600//1 1560//1 1601//1
f 1560//1 1600//1 1559//1
f 1602//1 1559//1 1600//1
f 1559//1 1602//1 1561//1
f 1603//1 1561//1 1602//1
f 1561//1 1603//1 1562//1
f 1604//1 1562//1 1603//1
f 1562//1 1604//1 1563//1
f 1605//1 1563//1 1604//1
f 1563//1 1605//1 1564//1
f 1606//1 1564//1 1605//1
f 1564//1 1606//1 1565//1
f 1607//1 1565//1 1606//1
f 1565//1 1607//1 1566//1
f 1608//1 1566//1 1607//1
f 1566//1 1608//1 1567//1
f 1609//1 1567//1 1608//1
f 1567//1 1609//1 1568//1303
f 1610//1326 1568//1303 1609//1
f 1568//1303 1610//1326 1569//1304
f 1611//1327 1569//1304 1610//1326
f 1569//1304 1611//1327 1570//1305
f 1612//1328 1570//1305 1611//1327
f 1570//1305 1612//1328 1571//1306
f 1613//1329 1571//1306 1612//1328
f 1571//1306 1613//1329 1572//1307
f 1614//1330 1572//1307 1613//1329
f 1572//1307 1614//1330 1573//1308
f 1615//1331 1573//1308 1614//1330
f 1573//1308 1615//1331 1574//1309
f 1616//1332 1574//1309 1615//1331
f 1574//1309 1616//1332 1575//1310
f 1617//1333 1575//1310 1616//1332
f 1575//1310 1617//1333 1576//1311
f 1618//1334 1576//1311 1617//1333
f 1576//1311 1618//1334 1577//1312
f 1619//1335 1577//1312 1618//1334
f 1577//1312 1619//1335 1578//1313
f 1620//1336 1578//1313 1619//1335
f 1578//1313 1620//1336 1579//1314
f 1621//1337 1579//1314 1620//1336
f 1579//1314 1621//1337 1580//1315
f 1622//1338 1580//1315 1621//1337
f 1580//1315 1622//1338 1581//1316
f 1623//1339 1581//1316 1622//1338
f 1581//1316 1623//1339 1582//1317
f 1624//1340 1582//1317 1623//1339
f 1582//1317 1624//1340 1583//1318
f 1625//1341 1583//1318 1624//1340
f 1583//1318 1625//1341 1584//1319
f 1626//1342 1584//1319 1625//1341
f 1584//1319 1626//1342 1585//1320
f 1627//1343 1585//1320 1626//1342
f 1585//1320 1627//1343 1586//1321
f 1628//1344 1586//1321 1627//1343
f 1586//1321 1628//1344 1587//1322
f 1629//1345 1587//1322 1628//1344
f 1587//1322 1629//1345 1588//1323
f 1630//1346 1588//1323 1629//1345
f 1588//1323 1630//1346 1589//1324
f 1631//1145 1589//1324 1630//1346
f 1589//1324 1631//1145 1590//1325
f 1632//1 1590//1325 1631//1145
f 1590//1325 1632//1 1591//1179
f 1633//1 1591//1179 1632//1
f 1591//1179 1633//1 1592//1
f 1634//1 1592//1 1633//1
f 1592//1 1634//1 1593//1
f 1635//1 1593//1 1634//1
f 1593//1 1635//1 1594//1
f 1636//1 1594//1 1635//1
f 1594//1 1636//1 1595//1
f 1637//1 1595//1 1636//1
f 1595//1 1637//1 1596//1
f 1638//1 1596//1 1637//1
f 1596//1 1638//1 1597//1
f 1639//1 1597//1 1638//1
f 1597//1 1639//1 1598//1
f 1640//1 1598//1 1639//1
f 1598//1 1640//1 1599//1
f 1641//1 1601//1 1642//1
f 1601//1 1641//1 1600//1
f 1643//1 1600//1 1641//1
f 1600//1 1643//1 1602//1
f 1644//1 1602//1 1643//1
f 1602//1 1644//1 1603//1
f 1645//1 1603//1 1644//1
f 1603//1 1645//1 1604//1
f 1646//1 1604//1 1645//1
f 1604//1 1646//1 1605//1
f 1647//1 1605//1 1646//1
f 1605//1 1647//1 1606//1
f 1648//1 1606//1 1647//1
f 1606//1 1648//1 1607//1
f 1649//1 1607//1 1648//1
f 1607//1 1649//1 1608//1
f 1650//1 1608//1 1649//1
f 1608//1 1650//1 1609//1
f 1651//1 1609//1 1650//1
f 1609//1 1651//1 1610//1326
f 1652//1 1610//1326 1651//1
f 1610//1326 1652//1 1611//1327
f 1653//1347 1611//1327 1652//1
f 1611//1327 1653//1347 1612//1328
f 1654//1348 1612//1328 1653//1347
f 1612//1328 1654//1348 1613//1329
f 1655//1349 1613//1329 1654//1348
f 1613//1329 1655//1349 1614//1330
f 1656//1350 1614//1330 1655//1349
f 1614//1330 1656//1350 1615//1331
f 1657//1351 1615//1331 1656//1350
f 1615//1331 1657//1351 1616//1332
f 1658//1352 1616//1332 1657//1351
f 1616//1332 1658//1352 1617//1333
f 1659//1353 1617//1333 1658//1352
f 1617//1333 1659//1353 1618//1334
f 1660//1354 1618//1334 1659//1353
f 1618//1334 1660//1354 1619//1335
f 1661//1355 1619//1335 1660//1354
f 1619//1335 1661//1355 1620//1336
f 1662//1356 1620//1336 1661//1355
f 1620//1336 1662//1356 1621//1337
f 1663//1357 1621//1337 1662//1356
f 1621//1337 1663//1357 1622//1338
f 1664//1358 1622//1338 1663//1357
f 1622//1338 1664//1358 1623//1339
f 1665//1359 1623//1339 1664//1358
f 1623//1339 1665//1359 1624//1340
f 1666//1360 1624//1340 1665//1359
f 1624//1340 1666//1360 1625//1341
f 1667//1361 1625//1341 1666//1360
f 1625//1341 1667//1361 1626//1342
f 1668//1362 1626//1342 1667//1361
f 1626//1342 1668//1362 1627//1343
f 1669//1363 1627//1343 1668//1362
f 1627//1343 1669//1363 1628//1344
f 1670//1364 1628//1344 1669//1363
f 1628//1344 1670//1364 1629//1345
f 1671//1 1629//1345 1670//1364
f 1629//1345 1671//1 1630//1346
f 1672//1 1630//1346 1671//1
f 1630//1346 1672//1 1631//1145
f 1673//1 1631//1145 1672//1
f 1631//1145 1673//1 1632//1
f 1674//1 1632//1 1673//1
f 1632//1 1674//1 1633//1
f 1675//1 1633//1 1674//1
f 1633//1 1675//1 1634//1
f 1676//1 1634//1 1675//1
f 1634//1 1676//1 1635//1
f 1677//1 1635//1 1676//1
f 1635//1 1677//1 1636//1
f 1678//1 1636//1 1677//1
f 1636//1 1678//1 1637//1
f 1679//1 1637//1 1678//1
f 1637//1 1679//1 1638//1
f 1680//1 1638//1 1679//1
f 1638//1 1680//1 1639//1
f 1681//1 1639//1 1680//1
f 1639//1 1681//1 1640//1
# Vertices: 1681, normals: 1364, texture coordinates: 0, faces: 3200

